date,starting_block,ending_block
2017-06-20,3900605,3905571
2017-06-21,3905572,3910469
2017-06-22,3910470,3915413
2017-06-23,3915414,3920303
2017-06-24,3920304,3925242
2017-06-25,3925243,3930168
2017-06-26,3930169,3935133
2017-06-27,3935134,3940134
2017-06-28,3940135,3945095
2017-06-29,3945096,3950122
2017-06-30,3950123,3955158
2017-07-01,3955159,3960167
2017-07-02,3960168,3965201
2017-07-03,3965202,3970253
2017-07-04,3970254,3975331
2017-07-05,3975332,3980316
2017-07-06,3980317,3985362
2017-07-07,3985363,3990446
2017-07-08,3990447,3995533
2017-07-09,3995534,4000627
2017-07-10,4000628,4005221
2017-07-11,4005222,4009741
2017-07-12,4009742,4014250
2017-07-13,4014251,4018762
2017-07-14,4018763,4023264
2017-07-15,4023265,4027867
2017-07-16,4027868,4032442
2017-07-17,4032443,4036901
2017-07-18,4036902,4041452
2017-07-19,4041453,4046089
2017-07-20,4046090,4050721
2017-07-21,4050722,4055264
2017-07-22,4055265,4059913
2017-07-23,4059914,4064573
2017-07-24,4064574,4069155
2017-07-25,4069156,4073841
2017-07-26,4073842,4078491
2017-07-27,4078492,4083125
2017-07-28,4083126,4087772
2017-07-29,4087773,4092455
2017-07-30,4092456,4097159
2017-07-31,4097160,4101694
2017-08-01,4101695,4105781
2017-08-02,4105782,4109825
2017-08-03,4109826,4113801
2017-08-04,4113802,4117841
2017-08-05,4117842,4121875
2017-08-06,4121876,4125907
2017-08-07,4125908,4130001
2017-08-08,4130002,4134094
2017-08-09,4134095,4138207
2017-08-10,4138208,4142236
2017-08-11,4142237,4146341
2017-08-12,4146342,4150454
2017-08-13,4150455,4154583
2017-08-14,4154584,4158716
2017-08-15,4158717,4162848
2017-08-16,4162849,4167014
2017-08-17,4167015,4171158
2017-08-18,4171159,4175294
2017-08-19,4175295,4179505
2017-08-20,4179506,4183661
2017-08-21,4183662,4187894
2017-08-22,4187895,4192079
2017-08-23,4192080,4196295
2017-08-24,4196296,4200479
2017-08-25,4200480,4204033
2017-08-26,4204034,4207532
2017-08-27,4207533,4211046
2017-08-28,4211047,4214492
2017-08-29,4214493,4218033
2017-08-30,4218034,4221564
2017-08-31,4221565,4225037
2017-09-01,4225038,4228558
2017-09-02,4228559,4232099
2017-09-03,4232100,4235638
2017-09-04,4235639,4239165
2017-09-05,4239166,4242724
2017-09-06,4242725,4246234
2017-09-07,4246235,4249781
2017-09-08,4249782,4253373
2017-09-09,4253374,4256934
2017-09-10,4256935,4260508
2017-09-11,4260509,4264059
2017-09-12,4264060,4267662
2017-09-13,4267663,4271198
2017-09-14,4271199,4274797
2017-09-15,4274798,4278413
2017-09-16,4278414,4282022
2017-09-17,4282023,4285652
2017-09-18,4285653,4289209
2017-09-19,4289210,4292837
2017-09-20,4292838,4296437
2017-09-21,4296438,4300082
2017-09-22,4300083,4303083
2017-09-23,4303084,4305967
2017-09-24,4305968,4308905
2017-09-25,4308906,4311741
2017-09-26,4311742,4314631
2017-09-27,4314632,4317535
2017-09-28,4317536,4320391
2017-09-29,4320392,4323220
2017-09-30,4323221,4326060
2017-10-01,4326061,4328922
2017-10-02,4328923,4331764
2017-10-03,4331765,4334626
2017-10-04,4334627,4337512
2017-10-05,4337513,4340458
2017-10-06,4340459,4343306
2017-10-07,4343307,4346154
2017-10-08,4346155,4349033
2017-10-09,4349034,4351915
2017-10-10,4351916,4354830
2017-10-11,4354831,4357745
2017-10-12,4357746,4360644
2017-10-13,4360645,4363535
2017-10-14,4363536,4366422
2017-10-15,4366423,4369347
2017-10-16,4369348,4373901
2017-10-17,4373902,4379951
2017-10-18,4379952,4386172
2017-10-19,4386173,4392413
2017-10-20,4392414,4398650
2017-10-21,4398651,4404879
2017-10-22,4404880,4411159
2017-10-23,4411160,4417413
2017-10-24,4417414,4423661
2017-10-25,4423662,4429837
2017-10-26,4429838,4435994
2017-10-27,4435995,4442223
2017-10-28,4442224,4448463
2017-10-29,4448464,4454657
2017-10-30,4454658,4460729
2017-10-31,4460730,4467004
2017-11-01,4467005,4473146
2017-11-02,4473147,4479290
2017-11-03,4479291,4485498
2017-11-04,4485499,4491694
2017-11-05,4491695,4497993
2017-11-06,4497994,4504192
2017-11-07,4504193,4510403
2017-11-08,4510404,4516639
2017-11-09,4516640,4522834
2017-11-10,4522835,4529134
2017-11-11,4529135,4535401
2017-11-12,4535402,4541646
2017-11-13,4541647,4547871
2017-11-14,4547872,4553993
2017-11-15,4553994,4560230
2017-11-16,4560231,4566384
2017-11-17,4566385,4572619
2017-11-18,4572620,4578834
2017-11-19,4578835,4585100
2017-11-20,4585101,4591276
2017-11-21,4591277,4597450
2017-11-22,4597451,4603692
2017-11-23,4603693,4609882
2017-11-24,4609883,4616116
2017-11-25,4616117,4622317
2017-11-26,4622318,4628486
2017-11-27,4628487,4634572
2017-11-28,4634573,4640666
2017-11-29,4640667,4646774
2017-11-30,4646775,4652925
2017-12-01,4652926,4659052
2017-12-02,4659053,4665105
2017-12-03,4665106,4671134
2017-12-04,4671135,4676805
2017-12-05,4676806,4682393
2017-12-06,4682394,4687866
2017-12-07,4687867,4693664
2017-12-08,4693665,4699467
2017-12-09,4699468,4705280
2017-12-10,4705281,4711061
2017-12-11,4711062,4716810
2017-12-12,4716811,4722525
2017-12-13,4722526,4728184
2017-12-14,4728185,4733878
2017-12-15,4733879,4739678
2017-12-16,4739679,4745453
2017-12-17,4745454,4751234
2017-12-18,4751235,4757015
2017-12-19,4757016,4762619
2017-12-20,4762620,4768190
2017-12-21,4768191,4773760
2017-12-22,4773761,4779412
2017-12-23,4779413,4785359
2017-12-24,4785360,4791340
2017-12-25,4791341,4797372
2017-12-26,4797373,4803364
2017-12-27,4803365,4809330
2017-12-28,4809331,4815219
2017-12-29,4815220,4821005
2017-12-30,4821006,4826778
2017-12-31,4826779,4832685
2018-01-01,4832686,4838611
2018-01-02,4838612,4844361
2018-01-03,4844362,4849901
2018-01-04,4849902,4855355
2018-01-05,4855356,4860696
2018-01-06,4860697,4866112
2018-01-07,4866113,4871640
2018-01-08,4871641,4877048
2018-01-09,4877049,4882425
2018-01-10,4882426,4887840
2018-01-11,4887841,4893270
2018-01-12,4893271,4898689
2018-01-13,4898690,4904083
2018-01-14,4904084,4909708
2018-01-15,4909709,4915132
2018-01-16,4915133,4920654
2018-01-17,4920655,4926226
2018-01-18,4926227,4931795
2018-01-19,4931796,4937480
2018-01-20,4937481,4943353
2018-01-21,4943354,4949163
2018-01-22,4949164,4955046
2018-01-23,4955047,4960944
2018-01-24,4960945,4966905
2018-01-25,4966906,4972815
2018-01-26,4972816,4978725
2018-01-27,4978726,4984729
2018-01-28,4984730,4990746
2018-01-29,4990747,4996671
2018-01-30,4996672,5002538
2018-01-31,5002539,5008421
2018-02-01,5008422,5014199
2018-02-02,5014200,5020064
2018-02-03,5020065,5026037
2018-02-04,5026038,5031997
2018-02-05,5031998,5038022
2018-02-06,5038023,5043948
2018-02-07,5043949,5049861
2018-02-08,5049862,5055863
2018-02-09,5055864,5061799
2018-02-10,5061800,5067821
2018-02-11,5067822,5073776
2018-02-12,5073777,5079721
2018-02-13,5079722,5085686
2018-02-14,5085687,5091546
2018-02-15,5091547,5097512
2018-02-16,5097513,5103470
2018-02-17,5103471,5109506
2018-02-18,5109507,5115490
2018-02-19,5115491,5121388
2018-02-20,5121389,5127202
2018-02-21,5127203,5133051
2018-02-22,5133052,5138924
2018-02-23,5138925,5144850
2018-02-24,5144851,5150700
2018-02-25,5150701,5156558
2018-02-26,5156559,5162361
2018-02-27,5162362,5168226
2018-02-28,5168227,5174124
2018-03-01,5174125,5180003
2018-03-02,5180004,5185902
2018-03-03,5185903,5191851
2018-03-04,5191852,5197732
2018-03-05,5197733,5203617
2018-03-06,5203618,5209507
2018-03-07,5209508,5215422
2018-03-08,5215423,5221278
2018-03-09,5221279,5227176
2018-03-10,5227177,5233069
2018-03-11,5233070,5239026
2018-03-12,5239027,5244849
2018-03-13,5244850,5250714
2018-03-14,5250715,5256557
2018-03-15,5256558,5262438
2018-03-16,5262439,5268356
2018-03-17,5268357,5274212
2018-03-18,5274213,5280145
2018-03-19,5280146,5286106
2018-03-20,5286107,5292065
2018-03-21,5292066,5297999
2018-03-22,5298000,5304013
2018-03-23,5304014,5309981
2018-03-24,5309982,5316039
2018-03-25,5316040,5322063
2018-03-26,5322064,5328067
2018-03-27,5328068,5333990
2018-03-28,5333991,5339939
2018-03-29,5339940,5345806
2018-03-30,5345807,5351744
2018-03-31,5351745,5357794
2018-04-01,5357795,5363810
2018-04-02,5363811,5369904
2018-04-03,5369905,5375903
2018-04-04,5375904,5381904
2018-04-05,5381905,5387960
2018-04-06,5387961,5394011
2018-04-07,5394012,5400060
2018-04-08,5400061,5406118
2018-04-09,5406119,5412113
2018-04-10,5412114,5418186
2018-04-11,5418187,5424148
2018-04-12,5424149,5430046
2018-04-13,5430047,5435969
2018-04-14,5435970,5441886
2018-04-15,5441887,5447825
2018-04-16,5447826,5453757
2018-04-17,5453758,5459592
2018-04-18,5459593,5465387
2018-04-19,5465388,5471197
2018-04-20,5471198,5476912
2018-04-21,5476913,5482795
2018-04-22,5482796,5488697
2018-04-23,5488698,5494473
2018-04-24,5494474,5500193
2018-04-25,5500194,5506011
2018-04-26,5506012,5511878
2018-04-27,5511879,5517592
2018-04-28,5517593,5523305
2018-04-29,5523306,5529138
2018-04-30,5529139,5534862
2018-05-01,5534863,5540484
2018-05-02,5540485,5546196
2018-05-03,5546197,5551877
2018-05-04,5551878,5557509
2018-05-05,5557510,5563250
2018-05-06,5563251,5569013
2018-05-07,5569014,5574848
2018-05-08,5574849,5580582
2018-05-09,5580583,5586312
2018-05-10,5586313,5591995
2018-05-11,5591996,5597746
2018-05-12,5597747,5603500
2018-05-13,5603501,5609260
2018-05-14,5609261,5614898
2018-05-15,5614899,5620630
2018-05-16,5620631,5626275
2018-05-17,5626276,5631979
2018-05-18,5631980,5637615
2018-05-19,5637616,5643218
2018-05-20,5643219,5648860
2018-05-21,5648861,5654547
2018-05-22,5654548,5660148
2018-05-23,5660149,5665803
2018-05-24,5665804,5671366
2018-05-25,5671367,5677001
2018-05-26,5677002,5682720
2018-05-27,5682721,5688354
2018-05-28,5688355,5694058
2018-05-29,5694059,5699707
2018-05-30,5699708,5705316
2018-05-31,5705317,5710963
2018-06-01,5710964,5716587
2018-06-02,5716588,5722219
2018-06-03,5722220,5727838
2018-06-04,5727839,5733510
2018-06-05,5733511,5739101
2018-06-06,5739102,5744734
2018-06-07,5744735,5750373
2018-06-08,5750374,5756052
2018-06-09,5756053,5761662
2018-06-10,5761663,5767303
2018-06-11,5767304,5772960
2018-06-12,5772961,5778674
2018-06-13,5778675,5784426
2018-06-14,5784427,5790191
2018-06-15,5790192,5795973
2018-06-16,5795974,5801844
2018-06-17,5801845,5807759
2018-06-18,5807760,5813713
2018-06-19,5813714,5819515
2018-06-20,5819516,5825338
2018-06-21,5825339,5831210
2018-06-22,5831211,5837030
2018-06-23,5837031,5842952
2018-06-24,5842953,5848833
2018-06-25,5848834,5854498
2018-06-26,5854499,5860246
2018-06-27,5860247,5866093
2018-06-28,5866094,5871855
2018-06-29,5871856,5877619
2018-06-30,5877620,5883489
2018-07-01,5883490,5889326
2018-07-02,5889327,5895255
2018-07-03,5895256,5901064
2018-07-04,5901065,5906901
2018-07-05,5906902,5912709
2018-07-06,5912710,5918553
2018-07-07,5918554,5924373
2018-07-08,5924374,5930070
2018-07-09,5930071,5935925
2018-07-10,5935926,5941708
2018-07-11,5941709,5947639
2018-07-12,5947640,5953632
2018-07-13,5953633,5959585
2018-07-14,5959586,5965591
2018-07-15,5965592,5971658
2018-07-16,5971659,5977509
2018-07-17,5977510,5983398
2018-07-18,5983399,5989155
2018-07-19,5989156,5994948
2018-07-20,5994949,6000786
2018-07-21,6000787,6006783
2018-07-22,6006784,6012758
2018-07-23,6012759,6018620
2018-07-24,6018621,6024435
2018-07-25,6024436,6030335
2018-07-26,6030336,6036187
2018-07-27,6036188,6042096
2018-07-28,6042097,6048087
2018-07-29,6048088,6054097
2018-07-30,6054098,6060060
2018-07-31,6060061,6065979
2018-08-01,6065980,6071840
2018-08-02,6071841,6077694
2018-08-03,6077695,6083610
2018-08-04,6083611,6089613
2018-08-05,6089614,6095545
2018-08-06,6095546,6101468
2018-08-07,6101469,6107343
2018-08-08,6107344,6113300
2018-08-09,6113301,6119230
2018-08-10,6119231,6125156
2018-08-11,6125157,6131101
2018-08-12,6131102,6136936
2018-08-13,6136937,6142808
2018-08-14,6142809,6148760
2018-08-15,6148761,6154725
2018-08-16,6154726,6160665
2018-08-17,6160666,6166505
2018-08-18,6166506,6172388
2018-08-19,6172389,6178318
2018-08-20,6178319,6184250
2018-08-21,6184251,6190211
2018-08-22,6190212,6196133
2018-08-23,6196134,6201986
2018-08-24,6201987,6207932
2018-08-25,6207933,6213858
2018-08-26,6213859,6219805
2018-08-27,6219806,6225747
2018-08-28,6225748,6231645
2018-08-29,6231646,6237535
2018-08-30,6237536,6243445
2018-08-31,6243446,6249398
2018-09-01,6249399,6255278
2018-09-02,6255279,6261305
2018-09-03,6261306,6267192
2018-09-04,6267193,6273160
2018-09-05,6273161,6279116
2018-09-06,6279117,6285164
2018-09-07,6285165,6291077
2018-09-08,6291078,6297013
2018-09-09,6297014,6302912
2018-09-10,6302913,6308919
2018-09-11,6308920,6314921
2018-09-12,6314922,6320964
2018-09-13,6320965,6326968
2018-09-14,6326969,6333034
2018-09-15,6333035,6339085
2018-09-16,6339086,6345198
2018-09-17,6345199,6351278
2018-09-18,6351279,6357245
2018-09-19,6357246,6363368
2018-09-20,6363369,6369382
2018-09-21,6369383,6375466
2018-09-22,6375467,6381504
2018-09-23,6381505,6387584
2018-09-24,6387585,6393659
2018-09-25,6393660,6399772
2018-09-26,6399773,6405884
2018-09-27,6405885,6411965
2018-09-28,6411966,6418063
2018-09-29,6418064,6424158
2018-09-30,6424159,6430272
2018-10-01,6430273,6436367
2018-10-02,6436368,6442547
2018-10-03,6442548,6448622
2018-10-04,6448623,6454768
2018-10-05,6454769,6460867
2018-10-06,6460868,6467089
2018-10-07,6467090,6473330
2018-10-08,6473331,6479509
2018-10-09,6479510,6485658
2018-10-10,6485659,6491826
2018-10-11,6491827,6497969
2018-10-12,6497970,6504139
2018-10-13,6504140,6510315
2018-10-14,6510316,6516497
2018-10-15,6516498,6522592
2018-10-16,6522593,6528706
2018-10-17,6528707,6534836
2018-10-18,6534837,6540978
2018-10-19,6540979,6547043
2018-10-20,6547044,6553201
2018-10-21,6553202,6559325
2018-10-22,6559326,6565390
2018-10-23,6565391,6571558
2018-10-24,6571559,6577682
2018-10-25,6577683,6583805
2018-10-26,6583806,6589927
2018-10-27,6589928,6596027
2018-10-28,6596028,6602164
2018-10-29,6602165,6608275
2018-10-30,6608276,6614318
2018-10-31,6614319,6620475
2018-11-01,6620476,6626544
2018-11-02,6626545,6632613
2018-11-03,6632614,6638732
2018-11-04,6638733,6644841
2018-11-05,6644842,6650916
2018-11-06,6650917,6656980
2018-11-07,6656981,6663124
2018-11-08,6663125,6669190
2018-11-09,6669191,6675281
2018-11-10,6675282,6681394
2018-11-11,6681395,6687515
2018-11-12,6687516,6693686
2018-11-13,6693687,6699781
2018-11-14,6699782,6705852
2018-11-15,6705853,6711925
2018-11-16,6711926,6718107
2018-11-17,6718108,6724219
2018-11-18,6724220,6730378
2018-11-19,6730379,6736377
2018-11-20,6736378,6742405
2018-11-21,6742406,6748541
2018-11-22,6748542,6754604
2018-11-23,6754605,6760723
2018-11-24,6760724,6766842
2018-11-25,6766843,6772996
2018-11-26,6772997,6779067
2018-11-27,6779068,6785062
2018-11-28,6785063,6791088
2018-11-29,6791089,6797209
2018-11-30,6797210,6803255
2018-12-01,6803256,6809312
2018-12-02,6809313,6815373
2018-12-03,6815374,6821406
2018-12-04,6821407,6827445
2018-12-05,6827446,6833462
2018-12-06,6833463,6839518
2018-12-07,6839519,6845490
2018-12-08,6845491,6851513
2018-12-09,6851514,6857610
2018-12-10,6857611,6863786
2018-12-11,6863787,6869770
2018-12-12,6869771,6875846
2018-12-13,6875847,6881943
2018-12-14,6881944,6887957
2018-12-15,6887958,6894072
2018-12-16,6894073,6900111
2018-12-17,6900112,6906002
2018-12-18,6906003,6911863
2018-12-19,6911864,6917712
2018-12-20,6917713,6923565
2018-12-21,6923566,6929402
2018-12-22,6929403,6935327
2018-12-23,6935328,6941192
2018-12-24,6941193,6947119
2018-12-25,6947120,6953086
2018-12-26,6953087,6959047
2018-12-27,6959048,6964940
2018-12-28,6964941,6970847
2018-12-29,6970848,6976807
2018-12-30,6976808,6982693
2018-12-31,6982694,6988614
2019-01-01,6988615,6994485
2019-01-02,6994486,7000416
2019-01-03,7000417,7005996
2019-01-04,7005997,7011550
2019-01-05,7011551,7017170
2019-01-06,7017171,7022755
2019-01-07,7022756,7028365
2019-01-08,7028366,7033927
2019-01-09,7033928,7039537
2019-01-10,7039538,7045105
2019-01-11,7045106,7050671
2019-01-12,7050672,7056212
2019-01-13,7056213,7061847
2019-01-14,7061848,7067476
2019-01-15,7067477,7073095
2019-01-16,7073096,7078623
2019-01-17,7078624,7084184
2019-01-18,7084185,7089803
2019-01-19,7089804,7095486
2019-01-20,7095487,7101085
2019-01-21,7101086,7106179
2019-01-22,7106180,7111251
2019-01-23,7111252,7116242
2019-01-24,7116243,7121328
2019-01-25,7121329,7126434
2019-01-26,7126435,7131489
2019-01-27,7131490,7136502
2019-01-28,7136503,7141386
2019-01-29,7141387,7146256
2019-01-30,7146257,7151205
2019-01-31,7151206,7156136
2019-02-01,7156137,7160984
2019-02-02,7160985,7165919
2019-02-03,7165920,7170777
2019-02-04,7170778,7175715
2019-02-05,7175716,7180615
2019-02-06,7180616,7185507
2019-02-07,7185508,7190425
2019-02-08,7190426,7195348
2019-02-09,7195349,7200248
2019-02-10,7200249,7204546
2019-02-11,7204547,7208741
2019-02-12,7208742,7213014
2019-02-13,7213015,7217183
2019-02-14,7217184,7221349
2019-02-15,7221350,7225507
2019-02-16,7225508,7229731
2019-02-17,7229732,7233870
2019-02-18,7233871,7238066
2019-02-19,7238067,7242354
2019-02-20,7242355,7246596
2019-02-21,7246597,7250848
2019-02-22,7250849,7255086
2019-02-23,7255087,7259439
2019-02-24,7259440,7263693
2019-02-25,7263694,7267931
2019-02-26,7267932,7272212
2019-02-27,7272213,7276493
2019-02-28,7276494,7280859
2019-03-01,7280860,7286853
2019-03-02,7286854,7293255
2019-03-03,7293256,7299634
2019-03-04,7299635,7306018
2019-03-05,7306019,7312447
2019-03-06,7312448,7318846
2019-03-07,7318847,7325284
2019-03-08,7325285,7331672
2019-03-09,7331673,7338052
2019-03-10,7338053,7344565
2019-03-11,7344566,7350954
2019-03-12,7350955,7357407
2019-03-13,7357408,7363806
2019-03-14,7363807,7370228
2019-03-15,7370229,7376652
2019-03-16,7376653,7383163
2019-03-17,7383164,7389578
2019-03-18,7389579,7395946
2019-03-19,7395947,7402362
2019-03-20,7402363,7408837
2019-03-21,7408838,7415209
2019-03-22,7415210,7421618
2019-03-23,7421619,7428049
2019-03-24,7428050,7434481
2019-03-25,7434482,7440910
2019-03-26,7440911,7447268
2019-03-27,7447269,7453726
2019-03-28,7453727,7460099
2019-03-29,7460100,7466468
2019-03-30,7466469,7472839
2019-03-31,7472840,7479256
2019-04-01,7479257,7485676
2019-04-02,7485677,7492033
2019-04-03,7492034,7498369
2019-04-04,7498370,7504775
2019-04-05,7504776,7511202
2019-04-06,7511203,7517654
2019-04-07,7517655,7524130
2019-04-08,7524131,7530571
2019-04-09,7530572,7537001
2019-04-10,7537002,7543456
2019-04-11,7543457,7549840
2019-04-12,7549841,7556260
2019-04-13,7556261,7562743
2019-04-14,7562744,7569165
2019-04-15,7569166,7575608
2019-04-16,7575609,7582016
2019-04-17,7582017,7588397
2019-04-18,7588398,7594803
2019-04-19,7594804,7601252
2019-04-20,7601253,7607622
2019-04-21,7607623,7614084
2019-04-22,7614085,7620513
2019-04-23,7620514,7626809
2019-04-24,7626810,7633201
2019-04-25,7633202,7639667
2019-04-26,7639668,7646120
2019-04-27,7646121,7652596
2019-04-28,7652597,7658985
2019-04-29,7658986,7665437
2019-04-30,7665438,7671849
2019-05-01,7671850,7678314
2019-05-02,7678315,7684756
2019-05-03,7684757,7691097
2019-05-04,7691098,7697627
2019-05-05,7697628,7704013
2019-05-06,7704014,7710372
2019-05-07,7710373,7716767
2019-05-08,7716768,7723103
2019-05-09,7723104,7729467
2019-05-10,7729468,7735906
2019-05-11,7735907,7742302
2019-05-12,7742303,7748743
2019-05-13,7748744,7755103
2019-05-14,7755104,7761573
2019-05-15,7761574,7768043
2019-05-16,7768044,7774385
2019-05-17,7774386,7780824
2019-05-18,7780825,7787226
2019-05-19,7787227,7793612
2019-05-20,7793613,7799961
2019-05-21,7799962,7806300
2019-05-22,7806301,7812701
2019-05-23,7812702,7819030
2019-05-24,7819031,7825422
2019-05-25,7825423,7831948
2019-05-26,7831949,7838376
2019-05-27,7838377,7844769
2019-05-28,7844770,7851111
2019-05-29,7851112,7857647
2019-05-30,7857648,7863948
2019-05-31,7863949,7870424
2019-06-01,7870425,7876790
2019-06-02,7876791,7883176
2019-06-03,7883177,7889498
2019-06-04,7889499,7895899
2019-06-05,7895900,7902297
2019-06-06,7902298,7908749
2019-06-07,7908750,7915094
2019-06-08,7915095,7921431
2019-06-09,7921432,7927799
2019-06-10,7927800,7934246
2019-06-11,7934247,7940638
2019-06-12,7940639,7947010
2019-06-13,7947011,7953427
2019-06-14,7953428,7959837
2019-06-15,7959838,7966205
2019-06-16,7966206,7972641
2019-06-17,7972642,7979021
2019-06-18,7979022,7985390
2019-06-19,7985391,7991787
2019-06-20,7991788,7998184
2019-06-21,7998185,8004516
2019-06-22,8004517,8010973
2019-06-23,8010974,8017373
2019-06-24,8017374,8023809
2019-06-25,8023810,8030231
2019-06-26,8030232,8036652
2019-06-27,8036653,8043038
2019-06-28,8043039,8049433
2019-06-29,8049434,8055866
2019-06-30,8055867,8062292
2019-07-01,8062293,8068726
2019-07-02,8068727,8075133
2019-07-03,8075134,8081530
2019-07-04,8081531,8087941
2019-07-05,8087942,8094320
2019-07-06,8094321,8100803
2019-07-07,8100804,8107285
2019-07-08,8107286,8113704
2019-07-09,8113705,8120157
2019-07-10,8120158,8126555
2019-07-11,8126556,8132991
2019-07-12,8132992,8139330
2019-07-13,8139331,8145768
2019-07-14,8145769,8152293
2019-07-15,8152294,8158639
2019-07-16,8158640,8164957
2019-07-17,8164958,8171338
2019-07-18,8171339,8177816
2019-07-19,8177817,8184180
2019-07-20,8184181,8190684
2019-07-21,8190685,8197087
2019-07-22,8197088,8203568
2019-07-23,8203569,8210045
2019-07-24,8210046,8216481
2019-07-25,8216482,8222839
2019-07-26,8222840,8229290
2019-07-27,8229291,8235767
2019-07-28,8235768,8242225
2019-07-29,8242226,8248604
2019-07-30,8248605,8255106
2019-07-31,8255107,8261511
2019-08-01,8261512,8267854
2019-08-02,8267855,8274365
2019-08-03,8274366,8280837
2019-08-04,8280838,8287272
2019-08-05,8287273,8293717
2019-08-06,8293718,8300167
2019-08-07,8300168,8306649
2019-08-08,8306650,8313033
2019-08-09,8313034,8319453
2019-08-10,8319454,8325949
2019-08-11,8325950,8332372
2019-08-12,8332373,8338856
2019-08-13,8338857,8345283
2019-08-14,8345284,8351742
2019-08-15,8351743,8358155
2019-08-16,8358156,8364604
2019-08-17,8364605,8371084
2019-08-18,8371085,8377521
2019-08-19,8377522,8383895
2019-08-20,8383896,8390327
2019-08-21,8390328,8396776
2019-08-22,8396777,8403176
2019-08-23,8403177,8409644
2019-08-24,8409645,8415959
2019-08-25,8415960,8422531
2019-08-26,8422532,8428894
2019-08-27,8428895,8435309
2019-08-28,8435310,8441719
2019-08-29,8441720,8448212
2019-08-30,8448213,8454626
2019-08-31,8454627,8461046
2019-09-01,8461047,8467448
2019-09-02,8467449,8473880
2019-09-03,8473881,8480281
2019-09-04,8480282,8486673
2019-09-05,8486674,8493122
2019-09-06,8493123,8499505
2019-09-07,8499506,8505933
2019-09-08,8505934,8512335
2019-09-09,8512336,8518769
2019-09-10,8518770,8525157
2019-09-11,8525158,8531594
2019-09-12,8531595,8538030
2019-09-13,8538031,8544343
2019-09-14,8544344,8550783
2019-09-15,8550784,8557160
2019-09-16,8557161,8563615
2019-09-17,8563616,8570044
2019-09-18,8570045,8576521
2019-09-19,8576522,8582848
2019-09-20,8582849,8589299
2019-09-21,8589300,8595691
2019-09-22,8595692,8602082
2019-09-23,8602083,8608530
2019-09-24,8608531,8614806
2019-09-25,8614807,8621190
2019-09-26,8621191,8627593
2019-09-27,8627594,8633930
2019-09-28,8633931,8640368
2019-09-29,8640369,8646786
2019-09-30,8646787,8653170
2019-10-01,8653171,8659596
2019-10-02,8659597,8665933
2019-10-03,8665934,8672333
2019-10-04,8672334,8678773
2019-10-05,8678774,8685214
2019-10-06,8685215,8691663
2019-10-07,8691664,8698027
2019-10-08,8698028,8704379
2019-10-09,8704380,8710741
2019-10-10,8710742,8717085
2019-10-11,8717086,8723444
2019-10-12,8723445,8729773
2019-10-13,8729774,8736147
2019-10-14,8736148,8742534
2019-10-15,8742535,8748965
2019-10-16,8748966,8755297
2019-10-17,8755298,8761597
2019-10-18,8761598,8767925
2019-10-19,8767926,8774279
2019-10-20,8774280,8780646
2019-10-21,8780647,8786939
2019-10-22,8786940,8793351
2019-10-23,8793352,8799735
2019-10-24,8799736,8805999
2019-10-25,8806000,8812126
2019-10-26,8812127,8818393
2019-10-27,8818394,8824567
2019-10-28,8824568,8830809
2019-10-29,8830810,8837020
2019-10-30,8837021,8843254
2019-10-31,8843255,8849470
2019-11-01,8849471,8855749
2019-11-02,8855750,8861915
2019-11-03,8861916,8868185
2019-11-04,8868186,8874381
2019-11-05,8874382,8880608
2019-11-06,8880609,8886811
2019-11-07,8886812,8892978
2019-11-08,8892979,8899167
2019-11-09,8899168,8905304
2019-11-10,8905305,8911305
2019-11-11,8911306,8917289
2019-11-12,8917290,8923311
2019-11-13,8923312,8929324
2019-11-14,8929325,8935354
2019-11-15,8935355,8941340
2019-11-16,8941341,8947354
2019-11-17,8947355,8953377
2019-11-18,8953378,8959358
2019-11-19,8959359,8965254
2019-11-20,8965255,8971244
2019-11-21,8971245,8977314
2019-11-22,8977315,8983277
2019-11-23,8983278,8989331
2019-11-24,8989332,8995344
2019-11-25,8995345,9001245
2019-11-26,9001246,9006908
2019-11-27,9006909,9012564
2019-11-28,9012565,9018190
2019-11-29,9018191,9023807
2019-11-30,9023808,9029509
2019-12-01,9029510,9035117
2019-12-02,9035118,9040785
2019-12-03,9040786,9046419
2019-12-04,9046420,9051991
2019-12-05,9051992,9057614
2019-12-06,9057615,9063220
2019-12-07,9063221,9068881
2019-12-08,9068882,9074508
2019-12-09,9074509,9080155
2019-12-10,9080156,9085851
2019-12-11,9085852,9091431
2019-12-12,9091432,9097137
2019-12-13,9097138,9102610
2019-12-14,9102611,9107741
2019-12-15,9107742,9112868
2019-12-16,9112869,9117964
2019-12-17,9117965,9123014
2019-12-18,9123015,9128003
2019-12-19,9128004,9133018
2019-12-20,9133019,9138007
2019-12-21,9138008,9143085
2019-12-22,9143086,9148078
2019-12-23,9148079,9153076
2019-12-24,9153077,9158150
2019-12-25,9158151,9163138
2019-12-26,9163139,9168133
2019-12-27,9168134,9173157
2019-12-28,9173158,9178228
2019-12-29,9178229,9183263
2019-12-30,9183264,9188278
2019-12-31,9188279,9193265
2020-01-01,9193266,9198245
2020-01-02,9198246,9203924
2020-01-03,9203925,9210446
2020-01-04,9210447,9217016
2020-01-05,9217017,9223504
2020-01-06,9223505,9230090
2020-01-07,9230091,9236623
2020-01-08,9236624,9243118
2020-01-09,9243119,9249648
2020-01-10,9249649,9256199
2020-01-11,9256200,9262727
2020-01-12,9262728,9269242
2020-01-13,9269243,9275782
2020-01-14,9275783,9282307
2020-01-15,9282308,9288793
2020-01-16,9288794,9295326
2020-01-17,9295327,9301875
2020-01-18,9301876,9308391
2020-01-19,9308392,9314961
2020-01-20,9314962,9321479
2020-01-21,9321480,9328051
2020-01-22,9328052,9334523
2020-01-23,9334524,9341098
2020-01-24,9341099,9347612
2020-01-25,9347613,9354103
2020-01-26,9354104,9360598
2020-01-27,9360599,9367150
2020-01-28,9367151,9373661
2020-01-29,9373662,9380212
2020-01-30,9380213,9386664
2020-01-31,9386665,9393153
2020-02-01,9393154,9399641
2020-02-02,9399642,9406178
2020-02-03,9406179,9412702
2020-02-04,9412703,9419268
2020-02-05,9419269,9425724
2020-02-06,9425725,9432240
2020-02-07,9432241,9438749
2020-02-08,9438750,9445216
2020-02-09,9445217,9451707
2020-02-10,9451708,9458299
2020-02-11,9458300,9464833
2020-02-12,9464834,9471296
2020-02-13,9471297,9477777
2020-02-14,9477778,9484270
2020-02-15,9484271,9490742
2020-02-16,9490743,9497294
2020-02-17,9497295,9503741
2020-02-18,9503742,9510221
2020-02-19,9510222,9516778
2020-02-20,9516779,9523258
2020-02-21,9523259,9529733
2020-02-22,9529734,9536261
2020-02-23,9536262,9542793
2020-02-24,9542794,9549274
2020-02-25,9549275,9555730
2020-02-26,9555731,9562258
2020-02-27,9562259,9568771
2020-02-28,9568772,9575272
2020-02-29,9575273,9581791
2020-03-01,9581792,9588286
2020-03-02,9588287,9594819
2020-03-03,9594820,9601320
2020-03-04,9601321,9607856
2020-03-05,9607857,9614265
2020-03-06,9614266,9620833
2020-03-07,9620834,9627373
2020-03-08,9627374,9633925
2020-03-09,9633926,9640356
2020-03-10,9640357,9646854
2020-03-11,9646855,9653383
2020-03-12,9653384,9659831
2020-03-13,9659832,9666213
2020-03-14,9666214,9672703
2020-03-15,9672704,9679216
2020-03-16,9679217,9685704
2020-03-17,9685705,9692213
2020-03-18,9692214,9698744
2020-03-19,9698745,9705226
2020-03-20,9705227,9711662
2020-03-21,9711663,9718106
2020-03-22,9718107,9724406
2020-03-23,9724407,9730854
2020-03-24,9730855,9737202
2020-03-25,9737203,9743576
2020-03-26,9743577,9750054
2020-03-27,9750055,9756608
2020-03-28,9756609,9763096
2020-03-29,9763097,9769669
2020-03-30,9769670,9776129
2020-03-31,9776130,9782601
2020-04-01,9782602,9789154
2020-04-02,9789155,9795638
2020-04-03,9795639,9802165
2020-04-04,9802166,9808656
2020-04-05,9808657,9815163
2020-04-06,9815164,9821596
2020-04-07,9821597,9828150
2020-04-08,9828151,9834652
2020-04-09,9834653,9841131
2020-04-10,9841132,9847646
2020-04-11,9847647,9854058
2020-04-12,9854059,9860639
2020-04-13,9860640,9867149
2020-04-14,9867150,9873631
2020-04-15,9873632,9880122
2020-04-16,9880123,9886591
2020-04-17,9886592,9893036
2020-04-18,9893037,9899480
2020-04-19,9899481,9905967
2020-04-20,9905968,9912463
2020-04-21,9912464,9918900
2020-04-22,9918901,9925381
2020-04-23,9925382,9931835
2020-04-24,9931836,9938311
2020-04-25,9938312,9944729
2020-04-26,9944730,9951187
2020-04-27,9951188,9957640
2020-04-28,9957641,9964060
2020-04-29,9964061,9970586
2020-04-30,9970587,9976963
2020-05-01,9976964,9983438
2020-05-02,9983439,9989909
2020-05-03,9989910,9996330
2020-05-04,9996331,10002871
2020-05-05,10002872,10009377
2020-05-06,10009378,10015763
2020-05-07,10015764,10022218
2020-05-08,10022219,10028704
2020-05-09,10028705,10035102
2020-05-10,10035103,10041595
2020-05-11,10041596,10048030
2020-05-12,10048031,10054428
2020-05-13,10054429,10060912
2020-05-14,10060913,10067367
2020-05-15,10067368,10073790
2020-05-16,10073791,10080192
2020-05-17,10080193,10086663
2020-05-18,10086664,10093069
2020-05-19,10093070,10099455
2020-05-20,10099456,10105910
2020-05-21,10105911,10112365
2020-05-22,10112366,10118718
2020-05-23,10118719,10125231
2020-05-24,10125232,10131642
2020-05-25,10131643,10138005
2020-05-26,10138006,10144483
2020-05-27,10144484,10150927
2020-05-28,10150928,10157340
2020-05-29,10157341,10163774
2020-05-30,10163775,10170214
2020-05-31,10170215,10176689
2020-06-01,10176690,10183090
2020-06-02,10183091,10189548
2020-06-03,10189549,10195949
2020-06-04,10195950,10202376
2020-06-05,10202377,10208860
2020-06-06,10208861,10215295
2020-06-07,10215296,10221761
2020-06-08,10221762,10228172
2020-06-09,10228173,10234652
2020-06-10,10234653,10241024
2020-06-11,10241025,10247482
2020-06-12,10247483,10253988
2020-06-13,10253989,10260476
2020-06-14,10260477,10267002
2020-06-15,10267003,10273464
2020-06-16,10273465,10279899
2020-06-17,10279900,10286315
2020-06-18,10286316,10292765
2020-06-19,10292766,10299268
2020-06-20,10299269,10305731
2020-06-21,10305732,10312236
2020-06-22,10312237,10318691
2020-06-23,10318692,10325133
2020-06-24,10325134,10331616
2020-06-25,10331617,10338066
2020-06-26,10338067,10344514
2020-06-27,10344515,10350879
2020-06-28,10350880,10357401
2020-06-29,10357402,10363794
2020-06-30,10363795,10370273
2020-07-01,10370274,10376682
2020-07-02,10376683,10383124
2020-07-03,10383125,10389599
2020-07-04,10389600,10396026
2020-07-05,10396027,10402520
2020-07-06,10402521,10408977
2020-07-07,10408978,10415469
2020-07-08,10415470,10421975
2020-07-09,10421976,10428405
2020-07-10,10428406,10434811
2020-07-11,10434812,10441344
2020-07-12,10441345,10447835
2020-07-13,10447836,10454328
2020-07-14,10454329,10460734
2020-07-15,10460735,10467199
2020-07-16,10467200,10473613
2020-07-17,10473614,10480067
2020-07-18,10480068,10486593
2020-07-19,10486594,10493044
2020-07-20,10493045,10499480
2020-07-21,10499481,10505860
2020-07-22,10505861,10512320
2020-07-23,10512321,10518842
2020-07-24,10518843,10525344
2020-07-25,10525345,10531699
2020-07-26,10531700,10538187
2020-07-27,10538188,10544631
2020-07-28,10544632,10551107
2020-07-29,10551108,10557619
2020-07-30,10557620,10564005
2020-07-31,10564006,10570484
2020-08-01,10570485,10577001
2020-08-02,10577002,10583487
2020-08-03,10583488,10589963
2020-08-04,10589964,10596368
2020-08-05,10596369,10602825
2020-08-06,10602826,10609340
2020-08-07,10609341,10615823
2020-08-08,10615824,10622280
2020-08-09,10622281,10628810
2020-08-10,10628811,10635292
2020-08-11,10635293,10641760
2020-08-12,10641761,10648267
2020-08-13,10648268,10654746
2020-08-14,10654747,10661250
2020-08-15,10661251,10667725
2020-08-16,10667726,10674230
2020-08-17,10674231,10680628
2020-08-18,10680629,10687189
2020-08-19,10687190,10693696
2020-08-20,10693697,10700230
2020-08-21,10700231,10706720
2020-08-22,10706721,10713176
2020-08-23,10713177,10719753
2020-08-24,10719754,10726269
2020-08-25,10726270,10732694
2020-08-26,10732695,10739263
2020-08-27,10739264,10745760
2020-08-28,10745761,10752293
2020-08-29,10752294,10758801
2020-08-30,10758802,10765332
2020-08-31,10765333,10771924
2020-09-01,10771925,10778455
2020-09-02,10778456,10784946
2020-09-03,10784947,10791409
2020-09-04,10791410,10798016
2020-09-05,10798017,10804558
2020-09-06,10804559,10811169
2020-09-07,10811170,10817639
2020-09-08,10817640,10824162
2020-09-09,10824163,10830652
2020-09-10,10830653,10837162
2020-09-11,10837163,10843733
2020-09-12,10843734,10850234
2020-09-13,10850235,10856779
2020-09-14,10856780,10863237
2020-09-15,10863238,10869788
2020-09-16,10869789,10876242
2020-09-17,10876243,10882832
2020-09-18,10882833,10889267
2020-09-19,10889268,10895793
2020-09-20,10895794,10902386
2020-09-21,10902387,10908953
2020-09-22,10908954,10915392
2020-09-23,10915393,10921919
2020-09-24,10921920,10928432
2020-09-25,10928433,10934884
2020-09-26,10934885,10941310
2020-09-27,10941311,10947678
2020-09-28,10947679,10954082
2020-09-29,10954083,10960469
2020-09-30,10960470,10966873
2020-10-01,10966874,10973298
2020-10-02,10973299,10979659
2020-10-03,10979660,10986034
2020-10-04,10986035,10992407
2020-10-05,10992408,10998853
2020-10-06,10998854,11005325
2020-10-07,11005326,11011662
2020-10-08,11011663,11017963
2020-10-09,11017964,11024341
2020-10-10,11024342,11030850
2020-10-11,11030851,11037419
2020-10-12,11037420,11043876
2020-10-13,11043877,11050450
2020-10-14,11050451,11056988
2020-10-15,11056989,11063553
2020-10-16,11063554,11070049
2020-10-17,11070050,11076576
2020-10-18,11076577,11083026
2020-10-19,11083027,11089620
2020-10-20,11089621,11096125
2020-10-21,11096126,11102638
2020-10-22,11102639,11109176
2020-10-23,11109177,11115650
2020-10-24,11115651,11122232
2020-10-25,11122233,11128711
2020-10-26,11128712,11135177
2020-10-27,11135178,11141722
2020-10-28,11141723,11148273
2020-10-29,11148274,11154799
2020-10-30,11154800,11161290
2020-10-31,11161291,11167816
2020-11-01,11167817,11174327
2020-11-02,11174328,11180801
2020-11-03,11180802,11187319
2020-11-04,11187320,11193846
2020-11-05,11193847,11200360
2020-11-06,11200361,11206899
2020-11-07,11206900,11213399
2020-11-08,11213400,11219937
2020-11-09,11219938,11226444
2020-11-10,11226445,11232896
2020-11-11,11232897,11239424
2020-11-12,11239425,11245936
2020-11-13,11245937,11252470
2020-11-14,11252471,11259012
2020-11-15,11259013,11265558
2020-11-16,11265559,11272034
2020-11-17,11272035,11278559
2020-11-18,11278560,11285015
2020-11-19,11285016,11291624
2020-11-20,11291625,11298076
2020-11-21,11298077,11304642
2020-11-22,11304643,11311151
2020-11-23,11311152,11317602
2020-11-24,11317603,11324169
2020-11-25,11324170,11330638
2020-11-26,11330639,11337171
2020-11-27,11337172,11343588
2020-11-28,11343589,11350187
2020-11-29,11350188,11356699
2020-11-30,11356700,11363269
2020-12-01,11363270,11369788
2020-12-02,11369789,11376229
2020-12-03,11376230,11382788
2020-12-04,11382789,11389237
2020-12-05,11389238,11395732
2020-12-06,11395733,11402290
2020-12-07,11402291,11408755
2020-12-08,11408756,11415239
2020-12-09,11415240,11421842
2020-12-10,11421843,11428267
2020-12-11,11428268,11434753
2020-12-12,11434754,11441244
2020-12-13,11441245,11447731
2020-12-14,11447732,11454255
2020-12-15,11454256,11460744
2020-12-16,11460745,11467279
2020-12-17,11467280,11473819
2020-12-18,11473820,11480310
2020-12-19,11480311,11486824
2020-12-20,11486825,11493366
2020-12-21,11493367,11499870
2020-12-22,11499871,11506372
2020-12-23,11506373,11512969
2020-12-24,11512970,11519439
2020-12-25,11519440,11525874
2020-12-26,11525875,11532457
2020-12-27,11532458,11538965
2020-12-28,11538966,11545562
2020-12-29,11545563,11551972
2020-12-30,11551973,11558516
2020-12-31,11558517,11565018
2021-01-01,11565019,11571563
2021-01-02,11571564,11578164
2021-01-03,11578165,11584640
2021-01-04,11584641,11591157
2021-01-05,11591158,11597689
2021-01-06,11597690,11604174
2021-01-07,11604175,11610610
2021-01-08,11610611,11617203
2021-01-09,11617204,11623679
2021-01-10,11623680,11630233
2021-01-11,11630234,11636761
2021-01-12,11636762,11643316
2021-01-13,11643317,11649877
2021-01-14,11649878,11656283
2021-01-15,11656284,11662864
2021-01-16,11662865,11669372
2021-01-17,11669373,11675866
2021-01-18,11675867,11682362
2021-01-19,11682363,11688895
2021-01-20,11688896,11695473
2021-01-21,11695474,11701951
2021-01-22,11701952,11708432
2021-01-23,11708433,11714973
2021-01-24,11714974,11721454
2021-01-25,11721455,11727978
2021-01-26,11727979,11734492
2021-01-27,11734493,11740960
2021-01-28,11740961,11747458
2021-01-29,11747459,11753911
2021-01-30,11753912,11760301
2021-01-31,11760302,11766938
2021-02-01,11766939,11773427
2021-02-02,11773428,11779921
2021-02-03,11779922,11786405
2021-02-04,11786406,11792921
2021-02-05,11792922,11799368
2021-02-06,11799369,11805887
2021-02-07,11805888,11812441
2021-02-08,11812442,11818909
2021-02-09,11818910,11825394
2021-02-10,11825395,11831922
2021-02-11,11831923,11838439
2021-02-12,11838440,11844963
2021-02-13,11844964,11851386
2021-02-14,11851387,11857945
2021-02-15,11857946,11864441
2021-02-16,11864442,11870926
2021-02-17,11870927,11877475
2021-02-18,11877476,11883922
2021-02-19,11883923,11890499
2021-02-20,11890500,11896994
2021-02-21,11896995,11903479
2021-02-22,11903480,11909975
2021-02-23,11909976,11916477
2021-02-24,11916478,11922946
2021-02-25,11922947,11929461
2021-02-26,11929462,11936003
2021-02-27,11936004,11942492
2021-02-28,11942493,11948959
2021-03-01,11948960,11955435
2021-03-02,11955436,11961985
2021-03-03,11961986,11968393
2021-03-04,11968394,11974908
2021-03-05,11974909,11981433
2021-03-06,11981434,11987996
2021-03-07,11987997,11994473
2021-03-08,11994474,12000973
2021-03-09,12000974,12007406
2021-03-10,12007407,12013938
2021-03-11,12013939,12020353
2021-03-12,12020354,12026823
2021-03-13,12026824,12033335
2021-03-14,12033336,12039857
2021-03-15,12039858,12046294
2021-03-16,12046295,12052814
2021-03-17,12052815,12059298
2021-03-18,12059299,12065799
2021-03-19,12065800,12072305
2021-03-20,12072306,12078832
2021-03-21,12078833,12085253
2021-03-22,12085254,12091743
2021-03-23,12091744,12098248
2021-03-24,12098249,12104732
2021-03-25,12104733,12111246
2021-03-26,12111247,12117785
2021-03-27,12117786,12124270
2021-03-28,12124271,12130763
2021-03-29,12130764,12137274
2021-03-30,12137275,12143792
2021-03-31,12143793,12150244
2021-04-01,12150245,12156760
2021-04-02,12156761,12163214
2021-04-03,12163215,12169741
2021-04-04,12169742,12176302
2021-04-05,12176303,12182812
2021-04-06,12182813,12189295
2021-04-07,12189296,12195832
2021-04-08,12195833,12202287
2021-04-09,12202288,12208744
2021-04-10,12208745,12215326
2021-04-11,12215327,12221872
2021-04-12,12221873,12228388
2021-04-13,12228389,12234862
2021-04-14,12234863,12241311
2021-04-15,12241312,12247811
2021-04-16,12247812,12254244
2021-04-17,12254245,12260711
2021-04-18,12260712,12267212
2021-04-19,12267213,12273612
2021-04-20,12273613,12280192
2021-04-21,12280193,12286711
2021-04-22,12286712,12293128
2021-04-23,12293129,12299578
2021-04-24,12299579,12306078
2021-04-25,12306079,12312587
2021-04-26,12312588,12319058
2021-04-27,12319059,12325546
2021-04-28,12325547,12332009
2021-04-29,12332010,12338493
2021-04-30,12338494,12344944
2021-05-01,12344945,12351433
2021-05-02,12351434,12357851
2021-05-03,12357852,12364358
2021-05-04,12364359,12370862
2021-05-05,12370863,12377380
2021-05-06,12377381,12383846
2021-05-07,12383847,12390293
2021-05-08,12390294,12396779
2021-05-09,12396780,12403257
2021-05-10,12403258,12409774
2021-05-11,12409775,12416221
2021-05-12,12416222,12422660
2021-05-13,12422661,12429198
2021-05-14,12429199,12435675
2021-05-15,12435676,12442149
2021-05-16,12442150,12448607
2021-05-17,12448608,12455026
2021-05-18,12455027,12461489
2021-05-19,12461490,12467912
2021-05-20,12467913,12474375
2021-05-21,12474376,12480785
2021-05-22,12480786,12487247
2021-05-23,12487248,12493701
2021-05-24,12493702,12500188
2021-05-25,12500189,12506592
2021-05-26,12506593,12513023
2021-05-27,12513024,12519448
2021-05-28,12519449,12525911
2021-05-29,12525912,12532378
2021-05-30,12532379,12538795
2021-05-31,12538796,12545218
2021-06-01,12545219,12551696
2021-06-02,12551697,12558202
2021-06-03,12558203,12564606
2021-06-04,12564607,12571125
2021-06-05,12571126,12577559
2021-06-06,12577560,12584091
2021-06-07,12584092,12590522
2021-06-08,12590523,12596997
2021-06-09,12596998,12603434
2021-06-10,12603435,12609896
2021-06-11,12609897,12616350
2021-06-12,12616351,12622784
2021-06-13,12622785,12629257
2021-06-14,12629258,12635688
2021-06-15,12635689,12642193
2021-06-16,12642194,12648592
2021-06-17,12648593,12655064
2021-06-18,12655065,12661469
2021-06-19,12661470,12667895
2021-06-20,12667896,12674364
2021-06-21,12674365,12680680
2021-06-22,12680681,12687117
2021-06-23,12687118,12693546
2021-06-24,12693547,12699964
2021-06-25,12699965,12706306
2021-06-26,12706307,12712733
2021-06-27,12712734,12719181
2021-06-28,12719182,12725647
2021-06-29,12725648,12732053
2021-06-30,12732054,12738508
2021-07-01,12738509,12744858
2021-07-02,12744859,12751295
2021-07-03,12751296,12757712
2021-07-04,12757713,12764170
2021-07-05,12764171,12770589
2021-07-06,12770590,12777014
2021-07-07,12777015,12783404
2021-07-08,12783405,12789854
2021-07-09,12789855,12796260
2021-07-10,12796261,12802707
2021-07-11,12802708,12809130
2021-07-12,12809131,12815507
2021-07-13,12815508,12821814
2021-07-14,12821815,12828204
2021-07-15,12828205,12834631
2021-07-16,12834632,12840970
2021-07-17,12840971,12847327
2021-07-18,12847328,12853698
2021-07-19,12853699,12860133
2021-07-20,12860134,12866472
2021-07-21,12866473,12872886
2021-07-22,12872887,12879308
2021-07-23,12879309,12885654
2021-07-24,12885655,12892111
2021-07-25,12892112,12898512
2021-07-26,12898513,12904850
2021-07-27,12904851,12911127
2021-07-28,12911128,12917418
2021-07-29,12917419,12923774
2021-07-30,12923775,12930041
2021-07-31,12930042,12936339
2021-08-01,12936340,12942653
2021-08-02,12942654,12949049
2021-08-03,12949050,12955395
2021-08-04,12955396,12961717
2021-08-05,12961718,12968066
2021-08-06,12968067,12974517
2021-08-07,12974518,12981066
2021-08-08,12981067,12987562
2021-08-09,12987563,12994067
2021-08-10,12994068,13000574
2021-08-11,13000575,13006975
2021-08-12,13006976,13013485
2021-08-13,13013486,13019959
2021-08-14,13019960,13026459
2021-08-15,13026460,13032879
2021-08-16,13032880,13039379
2021-08-17,13039380,13045895
2021-08-18,13045896,13052294
2021-08-19,13052295,13058859
2021-08-20,13058860,13065318
2021-08-21,13065319,13071749
2021-08-22,13071750,13078270
2021-08-23,13078271,13084679
2021-08-24,13084680,13091188
2021-08-25,13091189,13097627
2021-08-26,13097628,13104131
2021-08-27,13104132,13110562
2021-08-28,13110563,13117022
2021-08-29,13117023,13123511
2021-08-30,13123512,13129983
2021-08-31,13129984,13136426
2021-09-01,13136427,13142881
2021-09-02,13142882,13149422
2021-09-03,13149423,13155888
2021-09-04,13155889,13162317
2021-09-05,13162318,13168846
2021-09-06,13168847,13175305
2021-09-07,13175306,13181722
2021-09-08,13181723,13188217
2021-09-09,13188218,13194683
2021-09-10,13194684,13201142
2021-09-11,13201143,13207538
2021-09-12,13207539,13214076
2021-09-13,13214077,13220488
2021-09-14,13220489,13226949
2021-09-15,13226950,13233403
2021-09-16,13233404,13239895
2021-09-17,13239896,13246362
2021-09-18,13246363,13252813
2021-09-19,13252814,13259321
2021-09-20,13259322,13265753
2021-09-21,13265754,13272249
2021-09-22,13272250,13278686
2021-09-23,13278687,13285097
2021-09-24,13285098,13291552
2021-09-25,13291553,13298125
2021-09-26,13298126,13304527
2021-09-27,13304528,13310981
2021-09-28,13310982,13317339
2021-09-29,13317340,13323751
2021-09-30,13323752,13330089
2021-10-01,13330090,13336574
2021-10-02,13336575,13342962
2021-10-03,13342963,13349325
2021-10-04,13349326,13355691
2021-10-05,13355692,13362102
2021-10-06,13362103,13368529
2021-10-07,13368530,13374853
2021-10-08,13374854,13381270
2021-10-09,13381271,13387619
2021-10-10,13387620,13393994
2021-10-11,13393995,13400376
2021-10-12,13400377,13406729
2021-10-13,13406730,13413049
2021-10-14,13413050,13419379
2021-10-15,13419380,13425697
2021-10-16,13425698,13432143
2021-10-17,13432144,13438528
2021-10-18,13438529,13444844
2021-10-19,13444845,13451284
2021-10-20,13451285,13457638
2021-10-21,13457639,13464125
2021-10-22,13464126,13470536
2021-10-23,13470537,13476884
2021-10-24,13476885,13483243
2021-10-25,13483244,13489661
2021-10-26,13489662,13496075
2021-10-27,13496076,13502420
2021-10-28,13502421,13508828
2021-10-29,13508829,13515196
2021-10-30,13515197,13521541
2021-10-31,13521542,13527858
2021-11-01,13527859,13534281
2021-11-02,13534282,13540589
2021-11-03,13540590,13546974
2021-11-04,13546975,13553256
2021-11-05,13553257,13559702
2021-11-06,13559703,13566041
2021-11-07,13566042,13572493
2021-11-08,13572494,13578839
2021-11-09,13578840,13585211
2021-11-10,13585212,13591593
2021-11-11,13591594,13597966
2021-11-12,13597967,13604387
2021-11-13,13604388,13610713
2021-11-14,13610714,13617058
2021-11-15,13617059,13623377
2021-11-16,13623378,13629631
2021-11-17,13629632,13636021
2021-11-18,13636022,13642393
2021-11-19,13642394,13648625
2021-11-20,13648626,13654920
2021-11-21,13654921,13661207
2021-11-22,13661208,13667574
2021-11-23,13667575,13673913
2021-11-24,13673914,13680217
2021-11-25,13680218,13686520
2021-11-26,13686521,13692738
2021-11-27,13692739,13699124
2021-11-28,13699125,13705380
2021-11-29,13705381,13711587
2021-11-30,13711588,13717846
2021-12-01,13717847,13724083
2021-12-02,13724084,13730329
2021-12-03,13730330,13736623
2021-12-04,13736624,13742800
2021-12-05,13742801,13749028
2021-12-06,13749029,13755301
2021-12-07,13755302,13761567
2021-12-08,13761568,13767792
2021-12-09,13767793,13774074
2021-12-10,13774075,13780501
2021-12-11,13780502,13786989
2021-12-12,13786990,13793512
2021-12-13,13793513,13799998
2021-12-14,13799999,13806389
2021-12-15,13806390,13812867
2021-12-16,13812868,13819264
2021-12-17,13819265,13825732
2021-12-18,13825733,13832240
2021-12-19,13832241,13838693
2021-12-20,13838694,13845238
2021-12-21,13845239,13851680
2021-12-22,13851681,13858106
2021-12-23,13858107,13864521
2021-12-24,13864522,13870989
2021-12-25,13870990,13877449
2021-12-26,13877450,13883916
2021-12-27,13883917,13890393
2021-12-28,13890394,13896835
2021-12-29,13896836,13903354
2021-12-30,13903355,13909786
2021-12-31,13909787,13916165
2022-01-01,13916166,13922671
2022-01-02,13922672,13929166
2022-01-03,13929167,13935627
2022-01-04,13935628,13942121
2022-01-05,13942122,13948581
2022-01-06,13948582,13954973
2022-01-07,13954974,13961396
2022-01-08,13961397,13967921
2022-01-09,13967922,13974426
2022-01-10,13974427,13980848
2022-01-11,13980849,13987375
2022-01-12,13987376,13993832
2022-01-13,13993833,14000270
2022-01-14,14000271,14006709
2022-01-15,14006710,14013195
2022-01-16,14013196,14019699
2022-01-17,14019700,14026167
2022-01-18,14026168,14032629
2022-01-19,14032630,14039102
2022-01-20,14039103,14045591
2022-01-21,14045592,14051984
2022-01-22,14051985,14058540
2022-01-23,14058541,14064996
2022-01-24,14064997,14071445
2022-01-25,14071446,14077905
2022-01-26,14077906,14084332
2022-01-27,14084333,14090826
2022-01-28,14090827,14097298
2022-01-29,14097299,14103759
2022-01-30,14103760,14110298
2022-01-31,14110299,14116760
2022-02-01,14116761,14123261
2022-02-02,14123262,14129715
2022-02-03,14129716,14136138
2022-02-04,14136139,14142694
2022-02-05,14142695,14149081
2022-02-06,14149082,14155620
2022-02-07,14155621,14162081
2022-02-08,14162082,14168511
2022-02-09,14168512,14174988
2022-02-10,14174989,14181426
2022-02-11,14181427,14187946
2022-02-12,14187947,14194417
2022-02-13,14194418,14200887
2022-02-14,14200888,14207338
2022-02-15,14207339,14213858
2022-02-16,14213859,14220268
2022-02-17,14220269,14226744
2022-02-18,14226745,14233162
2022-02-19,14233163,14239569
2022-02-20,14239570,14246087
2022-02-21,14246088,14252521
2022-02-22,14252522,14258984
2022-02-23,14258985,14265471
2022-02-24,14265472,14271956
2022-02-25,14271957,14278386
2022-02-26,14278387,14284846
2022-02-27,14284847,14291334
2022-02-28,14291335,14297758
2022-03-01,14297759,14304253
2022-03-02,14304254,14310657
2022-03-03,14310658,14317108
2022-03-04,14317109,14323604
2022-03-05,14323605,14329980
2022-03-06,14329981,14336401
2022-03-07,14336402,14342847
2022-03-08,14342848,14349239
2022-03-09,14349240,14355747
2022-03-10,14355748,14362227
2022-03-11,14362228,14368558
2022-03-12,14368559,14375067
2022-03-13,14375068,14381394
2022-03-14,14381395,14387852
2022-03-15,14387853,14394257
2022-03-16,14394258,14400648
2022-03-17,14400649,14407074
2022-03-18,14407075,14413492
2022-03-19,14413493,14419941
2022-03-20,14419942,14426367
2022-03-21,14426368,14432774
2022-03-22,14432775,14439220
2022-03-23,14439221,14445660
2022-03-24,14445661,14452084
2022-03-25,14452085,14458508
2022-03-26,14458509,14464915
2022-03-27,14464916,14471310
2022-03-28,14471311,14477773
2022-03-29,14477774,14484225
