date,price_of_eth
2015-08-07,2.83
2015-08-08,1.33
2015-08-10,0.687586
2015-08-11,1.07
2015-08-12,1.26
2015-08-13,1.83
2015-08-14,1.83
2015-08-15,1.67
2015-08-16,1.48
2015-08-17,1.2
2015-08-18,1.28
2015-08-19,1.25
2015-08-20,1.48
2015-08-21,1.41
2015-08-22,1.38
2015-08-23,1.36
2015-08-24,1.25
2015-08-25,1.16
2015-08-26,1.12
2015-08-27,1.13
2015-08-28,1.19
2015-08-29,1.17
2015-08-30,1.32
2015-08-31,1.35
2015-09-01,1.35
2015-09-02,1.28
2015-09-03,1.26
2015-09-04,1.27
2015-09-05,1.33
2015-09-06,1.3
2015-09-07,1.26
2015-09-08,1.24
2015-09-09,1.21
2015-09-10,1.17
2015-09-11,0.976509
2015-09-12,1.04
2015-09-13,0.938652
2015-09-14,0.874023
2015-09-15,0.941823
2015-09-16,0.90322
2015-09-17,0.883079
2015-09-18,0.846071
2015-09-19,0.882104
2015-09-20,0.936328
2015-09-21,0.901093
2015-09-22,0.897142
2015-09-23,0.894048
2015-09-24,0.816037
2015-09-25,0.740519
2015-09-26,0.777801
2015-09-27,0.721358
2015-09-28,0.583057
2015-09-29,0.657832
2015-09-30,0.734763
2015-10-01,0.685812
2015-10-02,0.676222
2015-10-03,0.687476
2015-10-04,0.667547
2015-10-05,0.628255
2015-10-06,0.645658
2015-10-07,0.610013
2015-10-08,0.623483
2015-10-09,0.650769
2015-10-10,0.629795
2015-10-11,0.637044
2015-10-12,0.628787
2015-10-13,0.602627
2015-10-14,0.517689
2015-10-15,0.561499
2015-10-16,0.533148
2015-10-17,0.549028
2015-10-18,0.518445
2015-10-19,0.487067
2015-10-20,0.432979
2015-10-21,0.439769
2015-10-22,0.565462
2015-10-23,0.540738
2015-10-24,0.568574
2015-10-25,0.631939
2015-10-26,0.743958
2015-10-27,0.854455
2015-10-28,1.01
2015-10-29,1.16
2015-10-30,1.04
2015-10-31,0.907092
2015-11-01,1.06
2015-11-02,0.955046
2015-11-03,1
2015-11-04,0.901809
2015-11-05,0.906601
2015-11-06,0.909442
2015-11-07,0.922482
2015-11-08,1.03
2015-11-09,0.995803
2015-11-10,0.934834
2015-11-11,0.788761
2015-11-12,0.900742
2015-11-13,0.904082
2015-11-14,0.884229
2015-11-15,0.910826
2015-11-16,0.933841
2015-11-17,0.995273
2015-11-18,0.994429
2015-11-19,0.951471
2015-11-20,0.926803
2015-11-21,0.973572
2015-11-22,0.964739
2015-11-23,0.94522
2015-11-24,0.899361
2015-11-25,0.867707
2015-11-26,0.894875
2015-11-27,0.870713
2015-11-28,0.917399
2015-11-29,0.871745
2015-11-30,0.873601
2015-12-01,0.875004
2015-12-02,0.822734
2015-12-03,0.824765
2015-12-04,0.838791
2015-12-05,0.864584
2015-12-06,0.834992
2015-12-07,0.80075
2015-12-08,0.818853
2015-12-09,0.791829
2015-12-10,0.847442
2015-12-11,0.916739
2015-12-12,0.971258
2015-12-13,0.958303
2015-12-14,0.99549
2015-12-15,1.02
2015-12-16,0.988912
2015-12-17,0.940228
2015-12-18,0.921172
2015-12-19,0.909633
2015-12-20,0.903232
2015-12-21,0.896806
2015-12-22,0.878959
2015-12-23,0.867565
2015-12-24,0.861363
2015-12-25,0.870718
2015-12-26,0.853018
2015-12-27,0.858887
2015-12-28,0.84217
2015-12-29,0.869488
2015-12-30,0.900354
2015-12-31,0.93654
2016-01-01,0.946313
2016-01-02,0.938126
2016-01-03,0.972197
2016-01-04,0.959298
2016-01-05,0.953102
2016-01-06,0.968434
2016-01-07,0.958977
2016-01-08,0.995575
2016-01-09,1.02
2016-01-10,1.02
2016-01-11,1.07
2016-01-12,1.17
2016-01-13,1.13
2016-01-14,1.16
2016-01-15,1.21
2016-01-16,1.22
2016-01-17,1.32
2016-01-18,1.4
2016-01-19,1.38
2016-01-20,1.57
2016-01-21,1.54
2016-01-22,1.47
2016-01-23,1.69
2016-01-24,2.13
2016-01-25,2.48
2016-01-26,2.09
2016-01-27,2.38
2016-01-28,2.52
2016-01-29,2.49
2016-01-30,2.44
2016-01-31,2.3
2016-02-01,2.22
2016-02-02,2.4
2016-02-03,2.52
2016-02-04,2.56
2016-02-05,2.53
2016-02-06,2.52
2016-02-07,2.95
2016-02-08,3.17
2016-02-09,3.72
2016-02-10,4.43
2016-02-11,6.01
2016-02-12,5.48
2016-02-13,5.37
2016-02-14,5.17
2016-02-15,5.32
2016-02-16,4.37
2016-02-17,3.74
2016-02-18,4.4
2016-02-19,4.49
2016-02-20,4.3
2016-02-21,4.65
2016-02-22,5.61
2016-02-23,5.61
2016-02-24,6.13
2016-02-25,5.94
2016-02-26,5.9
2016-02-27,6.36
2016-02-28,6.44
2016-02-29,6.31
2016-03-01,7.56
2016-03-02,8.4
2016-03-03,9.5
2016-03-04,10.04
2016-03-05,10.94
2016-03-06,10.96
2016-03-07,9.4
2016-03-08,9.8
2016-03-09,11.97
2016-03-10,11.21
2016-03-11,11.21
2016-03-12,13.38
2016-03-13,14.89
2016-03-14,12.29
2016-03-15,12.97
2016-03-16,12.53
2016-03-17,10.96
2016-03-18,10.8
2016-03-19,10.44
2016-03-20,10.22
2016-03-21,11.85
2016-03-22,11.32
2016-03-23,12.4
2016-03-24,11.13
2016-03-25,10.64
2016-03-26,10.97
2016-03-27,10.38
2016-03-28,11.68
2016-03-29,11.74
2016-03-30,11.88
2016-03-31,11.35
2016-04-01,11.64
2016-04-02,11.56
2016-04-03,11.51
2016-04-04,11.19
2016-04-05,10.42
2016-04-06,10.67
2016-04-07,10.03
2016-04-08,9.76
2016-04-09,9.9
2016-04-10,8.81
2016-04-11,8.67
2016-04-12,7.52
2016-04-13,8.02
2016-04-14,8.43
2016-04-15,8.21
2016-04-16,8.56
2016-04-17,9.32
2016-04-18,8.96
2016-04-19,8.7
2016-04-20,8.48
2016-04-21,8.11
2016-04-22,7.86
2016-04-23,8.38
2016-04-24,8
2016-04-25,7.81
2016-04-26,7.42
2016-04-27,7.72
2016-04-28,7.25
2016-04-29,7.48
2016-04-30,8.89
2016-05-01,8.83
2016-05-02,10.11
2016-05-03,9.29
2016-05-04,9.41
2016-05-05,9.83
2016-05-06,9.28
2016-05-07,9.38
2016-05-08,9.53
2016-05-09,9.35
2016-05-10,9.35
2016-05-11,9.98
2016-05-12,10.09
2016-05-13,10.59
2016-05-14,10.18
2016-05-15,9.96
2016-05-16,11.13
2016-05-17,12.16
2016-05-18,13.35
2016-05-19,14.72
2016-05-20,13.69
2016-05-21,14
2016-05-22,14.25
2016-05-23,13.24
2016-05-24,12.66
2016-05-25,12.5
2016-05-26,12.5
2016-05-27,11.19
2016-05-28,11.76
2016-05-29,12.39
2016-05-30,12.68
2016-05-31,14.01
2016-06-01,13.86
2016-06-02,13.77
2016-06-03,13.84
2016-06-04,13.7
2016-06-05,13.97
2016-06-06,13.94
2016-06-07,14.55
2016-06-08,14.43
2016-06-09,14.44
2016-06-10,13.94
2016-06-11,13.96
2016-06-12,15.7
2016-06-13,17.55
2016-06-14,18.77
2016-06-15,18.42
2016-06-16,20.51
2016-06-17,15.4
2016-06-18,11.2
2016-06-19,12.23
2016-06-20,11.81
2016-06-21,12.98
2016-06-22,12.74
2016-06-23,13.68
2016-06-24,13.94
2016-06-25,14.28
2016-06-26,13.85
2016-06-27,13.93
2016-06-28,12.3
2016-06-29,12.8
2016-06-30,13.34
2016-07-01,12.33
2016-07-02,12.02
2016-07-03,11.83
2016-07-04,11.42
2016-07-05,10.54
2016-07-06,10.51
2016-07-07,10.1
2016-07-08,11.4
2016-07-09,11
2016-07-10,10.96
2016-07-11,10.52
2016-07-12,10.61
2016-07-13,10.49
2016-07-14,11.24
2016-07-15,11.33
2016-07-16,11.7
2016-07-17,11.31
2016-07-18,11.02
2016-07-19,11.58
2016-07-20,12.15
2016-07-21,12.61
2016-07-22,14.32
2016-07-23,14.39
2016-07-24,12.8
2016-07-25,13.82
2016-07-26,11.77
2016-07-27,12.97
2016-07-28,12.88
2016-07-29,12.84
2016-07-30,12.55
2016-07-31,11.87
2016-08-01,10.97
2016-08-02,8.35
2016-08-03,10.22
2016-08-04,11.03
2016-08-05,10.94
2016-08-06,10.9
2016-08-07,10.92
2016-08-08,11.25
2016-08-09,12.19
2016-08-10,12.14
2016-08-11,11.99
2016-08-12,11.97
2016-08-13,11.58
2016-08-14,11.26
2016-08-15,11.23
2016-08-16,10.25
2016-08-17,10.74
2016-08-18,10.72
2016-08-19,10.72
2016-08-20,11.26
2016-08-21,11.15
2016-08-22,11.06
2016-08-23,11.01
2016-08-24,11.01
2016-08-25,11.34
2016-08-26,11.26
2016-08-27,11.15
2016-08-28,10.91
2016-08-29,10.91
2016-08-30,11.21
2016-08-31,11.5
2016-09-01,12
2016-09-02,12.09
2016-09-03,11.8
2016-09-04,11.66
2016-09-05,11.75
2016-09-06,11.68
2016-09-07,11.55
2016-09-08,11.34
2016-09-09,11.63
2016-09-10,12.12
2016-09-11,11.6
2016-09-12,11.85
2016-09-13,11.88
2016-09-14,11.91
2016-09-15,11.9
2016-09-16,12.52
2016-09-17,12.68
2016-09-18,12.37
2016-09-19,13.16
2016-09-20,14.31
2016-09-21,13.71
2016-09-22,13.23
2016-09-23,13.32
2016-09-24,12.86
2016-09-25,13.05
2016-09-26,12.82
2016-09-27,13.07
2016-09-28,13.31
2016-09-29,13.1
2016-09-30,13.19
2016-10-01,13.27
2016-10-02,13.2
2016-10-03,13.47
2016-10-04,13.26
2016-10-05,13.06
2016-10-06,12.83
2016-10-07,12.66
2016-10-08,12.18
2016-10-09,12.03
2016-10-10,11.84
2016-10-11,11.75
2016-10-12,11.85
2016-10-13,11.96
2016-10-14,11.92
2016-10-15,11.94
2016-10-16,11.93
2016-10-17,11.97
2016-10-18,12.51
2016-10-19,11.97
2016-10-20,12.02
2016-10-21,12.09
2016-10-22,12.05
2016-10-23,11.93
2016-10-24,11.89
2016-10-25,11.27
2016-10-26,11.5
2016-10-27,11.46
2016-10-28,11.52
2016-10-29,10.34
2016-10-30,11.19
2016-10-31,10.88
2016-11-01,10.79
2016-11-02,10.78
2016-11-03,10.81
2016-11-04,11.13
2016-11-05,11.07
2016-11-06,10.92
2016-11-07,10.87
2016-11-08,10.89
2016-11-09,10.66
2016-11-10,10.52
2016-11-11,10.29
2016-11-12,9.66
2016-11-13,10.11
2016-11-14,9.99
2016-11-15,10.2
2016-11-16,10.03
2016-11-17,9.96
2016-11-18,9.45
2016-11-19,9.67
2016-11-20,9.53
2016-11-21,9.58
2016-11-22,9.81
2016-11-23,9.75
2016-11-24,9.18
2016-11-25,9.34
2016-11-26,9.29
2016-11-27,8.91
2016-11-28,8.71
2016-11-29,8.16
2016-11-30,8.65
2016-12-01,8.44
2016-12-02,7.64
2016-12-03,7.89
2016-12-04,7.47
2016-12-05,6.82
2016-12-06,7.63
2016-12-07,8.14
2016-12-08,8.3
2016-12-09,8.5
2016-12-10,8.1
2016-12-11,8.21
2016-12-12,8.47
2016-12-13,8.35
2016-12-14,8.21
2016-12-15,7.77
2016-12-16,7.8
2016-12-17,7.82
2016-12-18,7.86
2016-12-19,7.59
2016-12-20,7.62
2016-12-21,7.86
2016-12-22,7.58
2016-12-23,7.2
2016-12-24,7.22
2016-12-25,7.21
2016-12-26,7.27
2016-12-27,7.17
2016-12-28,7.61
2016-12-29,8.17
2016-12-30,8.15
2016-12-31,8.01
2017-01-01,8.06
2017-01-02,8.36
2017-01-03,9.63
2017-01-04,10.97
2017-01-05,10.12
2017-01-06,10.15
2017-01-07,9.82
2017-01-08,10.27
2017-01-09,10.29
2017-01-10,10.52
2017-01-11,9.66
2017-01-12,9.67
2017-01-13,9.65
2017-01-14,9.7
2017-01-15,9.79
2017-01-16,9.52
2017-01-17,10.26
2017-01-18,10.13
2017-01-19,10.39
2017-01-20,10.55
2017-01-21,10.87
2017-01-22,10.75
2017-01-23,10.75
2017-01-24,10.4
2017-01-25,10.47
2017-01-26,10.56
2017-01-27,10.51
2017-01-28,10.55
2017-01-29,10.43
2017-01-30,10.57
2017-01-31,10.68
2017-02-01,10.7
2017-02-02,10.81
2017-02-03,10.94
2017-02-04,11.33
2017-02-05,11.24
2017-02-06,11.29
2017-02-07,11.43
2017-02-08,11.34
2017-02-09,10.91
2017-02-10,11.28
2017-02-11,11.4
2017-02-12,11.35
2017-02-13,11.28
2017-02-14,12.97
2017-02-15,12.93
2017-02-16,12.84
2017-02-17,12.7
2017-02-18,12.82
2017-02-19,12.78
2017-02-20,12.75
2017-02-21,12.74
2017-02-22,12.6
2017-02-23,13.16
2017-02-24,13.07
2017-02-25,13.55
2017-02-26,14.55
2017-02-27,15.36
2017-02-28,15.7
2017-03-01,17.17
2017-03-02,18.99
2017-03-03,19.59
2017-03-04,18.64
2017-03-05,19.25
2017-03-06,19.67
2017-03-07,18.83
2017-03-08,16.75
2017-03-09,17.63
2017-03-10,19.26
2017-03-11,21.4
2017-03-12,23.1
2017-03-13,28.45
2017-03-14,28.54
2017-03-15,34.2
2017-03-16,39.86
2017-03-17,44.07
2017-03-18,32.27
2017-03-19,44.09
2017-03-20,41.86
2017-03-21,42.48
2017-03-22,41.26
2017-03-23,43.27
2017-03-24,50.89
2017-03-25,50.68
2017-03-26,50.05
2017-03-27,49.02
2017-03-28,50.26
2017-03-29,52.84
2017-03-30,52.31
2017-03-31,49.96
2017-04-01,50.43
2017-04-02,48.38
2017-04-03,43.58
2017-04-04,41.8
2017-04-05,45.59
2017-04-06,42.98
2017-04-07,42.4
2017-04-08,44.5
2017-04-09,44.19
2017-04-10,43.91
2017-04-11,43.86
2017-04-12,46.2
2017-04-13,49.75
2017-04-14,47.56
2017-04-15,49.12
2017-04-16,48.71
2017-04-17,48.35
2017-04-18,50.76
2017-04-19,48.16
2017-04-20,50.07
2017-04-21,48.8
2017-04-22,49.08
2017-04-23,50.61
2017-04-24,51.1
2017-04-25,50.97
2017-04-26,54.88
2017-04-27,63.96
2017-04-28,73.01
2017-04-29,70.45
2017-04-30,79.8
2017-05-01,76.85
2017-05-02,77.35
2017-05-03,80.93
2017-05-04,94.11
2017-05-05,91.16
2017-05-06,96.43
2017-05-07,89.74
2017-05-08,87.95
2017-05-09,87.5
2017-05-10,88.41
2017-05-11,88.46
2017-05-12,88.18
2017-05-13,89.14
2017-05-14,90.06
2017-05-15,90.5
2017-05-16,87.09
2017-05-17,88.21
2017-05-18,96.63
2017-05-19,122.16
2017-05-20,123.03
2017-05-21,148.66
2017-05-22,153.99
2017-05-23,171.08
2017-05-24,190.43
2017-05-25,176.82
2017-05-26,162.94
2017-05-27,159.06
2017-05-28,172.34
2017-05-29,196.08
2017-05-30,230.8
2017-05-31,231.37
2017-06-01,221.83
2017-06-02,224.32
2017-06-03,225.4
2017-06-04,247.43
2017-06-05,248.93
2017-06-06,266.14
2017-06-07,256.22
2017-06-08,260.34
2017-06-09,280.33
2017-06-10,337.79
2017-06-11,341.08
2017-06-12,398.43
2017-06-13,389.94
2017-06-14,347.78
2017-06-15,346.37
2017-06-16,358.28
2017-06-17,372.36
2017-06-18,359.44
2017-06-19,362.04
2017-06-20,358.05
2017-06-21,327.89
2017-06-22,326.96
2017-06-23,331.91
2017-06-24,310.05
2017-06-25,288.05
2017-06-26,258.92
2017-06-27,280.81
2017-06-28,317.29
2017-06-29,300.18
2017-06-30,284.69
2017-07-01,262.48
2017-07-02,286.13
2017-07-03,278.6
2017-07-04,269.74
2017-07-05,265.94
2017-07-06,267.47
2017-07-07,241.48
2017-07-08,246.21
2017-07-09,238.75
2017-07-10,210.53
2017-07-11,194.33
2017-07-12,222.14
2017-07-13,206.41
2017-07-14,197.97
2017-07-15,171.78
2017-07-16,156.47
2017-07-17,188.35
2017-07-18,228.5
2017-07-19,199.59
2017-07-20,223.46
2017-07-21,217.09
2017-07-22,231.14
2017-07-23,226.72
2017-07-24,224.91
2017-07-25,206.81
2017-07-26,200.33
2017-07-27,203.19
2017-07-28,192.59
2017-07-29,205.51
2017-07-30,197.2
2017-07-31,203.29
2017-08-01,227.08
2017-08-02,219.06
2017-08-03,224.87
2017-08-04,221.67
2017-08-05,253.16
2017-08-06,263.22
2017-08-07,268.5
2017-08-08,295.15
2017-08-09,297.07
2017-08-10,296.78
2017-08-11,306.83
2017-08-12,308.63
2017-08-13,297.16
2017-08-14,296.4
2017-08-15,288.45
2017-08-16,300.04
2017-08-17,300.57
2017-08-18,296.11
2017-08-19,296.62
2017-08-20,295.17
2017-08-21,322.2
2017-08-22,312.17
2017-08-23,316.79
2017-08-24,321.79
2017-08-25,329.03
2017-08-26,329.87
2017-08-27,343.34
2017-08-28,344.2
2017-08-29,366.81
2017-08-30,378.91
2017-08-31,382.93
2017-09-01,386.34
2017-09-02,346.4
2017-09-03,349.93
2017-09-04,299.72
2017-09-05,318.97
2017-09-06,333.21
2017-09-07,329.42
2017-09-08,304.48
2017-09-09,299.69
2017-09-10,292.78
2017-09-11,296.48
2017-09-12,290.59
2017-09-13,277.33
2017-09-14,214.31
2017-09-15,246.92
2017-09-16,244.81
2017-09-17,249.67
2017-09-18,287.96
2017-09-19,280.45
2017-09-20,279.42
2017-09-21,257.47
2017-09-22,263.47
2017-09-23,283.22
2017-09-24,280.68
2017-09-25,288.09
2017-09-26,283.93
2017-09-27,302.15
2017-09-28,294.31
2017-09-29,288.11
2017-09-30,297.27
2017-10-01,299.67
2017-10-02,295.84
2017-10-03,292.21
2017-10-04,293.04
2017-10-05,293.72
2017-10-06,307.71
2017-10-07,309.6
2017-10-08,307.06
2017-10-09,295.9
2017-10-10,299.92
2017-10-11,303.25
2017-10-12,302.02
2017-10-13,337.95
2017-10-14,335.34
2017-10-15,335.39
2017-10-16,331.97
2017-10-17,317.9
2017-10-18,314.46
2017-10-19,308.47
2017-10-20,302.36
2017-10-21,300.69
2017-10-22,295.49
2017-10-23,289.41
2017-10-24,298.76
2017-10-25,298.48
2017-10-26,295.71
2017-10-27,297.93
2017-10-28,296.46
2017-10-29,303.74
2017-10-30,306.25
2017-10-31,303.54
2017-11-01,292.33
2017-11-02,287.07
2017-11-03,305.84
2017-11-04,299.95
2017-11-05,297.52
2017-11-06,301.37
2017-11-07,295.24
2017-11-08,308.93
2017-11-09,322.33
2017-11-10,301.35
2017-11-11,316.26
2017-11-12,314.17
2017-11-13,315.34
2017-11-14,338.94
2017-11-15,334.29
2017-11-16,330.02
2017-11-17,333.35
2017-11-18,348.75
2017-11-19,353.44
2017-11-20,365.79
2017-11-21,361.06
2017-11-22,379.41
2017-11-23,412.56
2017-11-24,475
2017-11-25,467.45
2017-11-26,469
2017-11-27,484.36
2017-11-28,474.18
2017-11-29,428.35
2017-11-30,454.16
2017-12-01,469.86
2017-12-02,469.86
2017-12-03,461.88
2017-12-04,472.25
2017-12-05,467.02
2017-12-06,448.33
2017-12-07,451.83
2017-12-08,467.88
2017-12-09,482.04
2017-12-10,446.69
2017-12-11,509
2017-12-12,661.84
2017-12-13,709.88
2017-12-14,704.62
2017-12-15,693.1
2017-12-16,702.24
2017-12-17,728.7
2017-12-18,798.12
2017-12-19,829.99
2017-12-20,813.4
2017-12-21,812.89
2017-12-22,669.28
2017-12-23,715.72
2017-12-24,686.21
2017-12-25,733.9
2017-12-26,774.11
2017-12-27,764.97
2017-12-28,736.84
2017-12-29,755.34
2017-12-30,736.91
2017-12-31,774.7
2018-01-01,776.08
2018-01-02,876.89
2018-01-03,963.06
2018-01-04,978.42
2018-01-05,1004.89
2018-01-06,1052.02
2018-01-07,1137.65
2018-01-08,1184.92
2018-01-09,1361.44
2018-01-10,1345.59
2018-01-11,1181.65
2018-01-12,1315.62
2018-01-13,1448.18
2018-01-14,1410
2018-01-15,1329.67
2018-01-16,1068.6
2018-01-17,1022.37
2018-01-18,1036.07
2018-01-19,1046.9
2018-01-20,1172.92
2018-01-21,1053.63
2018-01-22,1000.39
2018-01-23,991.67
2018-01-24,1056.88
2018-01-25,1059.32
2018-01-26,1048.8
2018-01-27,1095.78
2018-01-28,1237.32
2018-01-29,1169.63
2018-01-30,1161.91
2018-01-31,1058.1
2018-02-01,1106.14
2018-02-02,1021.27
2018-02-03,914.64
2018-02-04,941.8
2018-02-05,834.89
2018-02-06,684.31
2018-02-07,785.74
2018-02-08,751.89
2018-02-09,807.82
2018-02-10,871.33
2018-02-11,854.35
2018-02-12,817.29
2018-02-13,862.75
2018-02-14,833.78
2018-02-15,915.08
2018-02-16,928.29
2018-02-17,934.68
2018-02-18,964.28
2018-02-19,915.09
2018-02-20,928.29
2018-02-21,902.97
2018-02-22,809.13
2018-02-23,812.45
2018-02-24,864.67
2018-02-25,828.72
2018-02-26,842.63
2018-02-27,863.65
2018-02-28,869.26
2018-03-01,846.37
2018-03-02,855.68
2018-03-03,850.44
2018-03-04,844.26
2018-03-05,843.76
2018-03-06,840.15
2018-03-07,808.45
2018-03-08,752.59
2018-03-09,699.19
2018-03-10,710.89
2018-03-11,684.93
2018-03-12,713.2
2018-03-13,695.31
2018-03-14,684.64
2018-03-15,608.39
2018-03-16,612.44
2018-03-17,607.88
2018-03-18,560.11
2018-03-19,538.69
2018-03-20,555.08
2018-03-21,554.21
2018-03-22,561.15
2018-03-23,537.71
2018-03-24,538.11
2018-03-25,519.49
2018-03-26,519.38
2018-03-27,487.54
2018-03-28,449.05
2018-03-29,443.95
2018-03-30,385.33
2018-03-31,395.33
2018-04-01,395.8
2018-04-02,379.12
2018-04-03,384.83
2018-04-04,415.72
2018-04-05,380.28
2018-04-06,384.46
2018-04-07,369.91
2018-04-08,383.45
2018-04-09,396.98
2018-04-10,398.77
2018-04-11,412.69
2018-04-12,427.38
2018-04-13,488.61
2018-04-14,488.99
2018-04-15,495.11
2018-04-16,525.53
2018-04-17,507.11
2018-04-18,498.47
2018-04-19,517.37
2018-04-20,566.39
2018-04-21,590.27
2018-04-22,600.26
2018-04-23,617.2
2018-04-24,636.37
2018-04-25,705.03
2018-04-26,613.73
2018-04-27,657.06
2018-04-28,641.99
2018-04-29,672.6
2018-04-30,680.12
2018-05-01,662.73
2018-05-02,665.23
2018-05-03,676.55
2018-05-04,781.43
2018-05-05,777.91
2018-05-06,807.07
2018-05-07,785.89
2018-05-08,748.81
2018-05-09,744.32
2018-05-10,743.64
2018-05-11,717.41
2018-05-12,675.29
2018-05-13,683.17
2018-05-14,726.87
2018-05-15,727.8
2018-05-16,703.16
2018-05-17,702.45
2018-05-18,665.63
2018-05-19,686.21
2018-05-20,685.85
2018-05-21,703.81
2018-05-22,688.91
2018-05-23,641.1
2018-05-24,581.24
2018-05-25,597.85
2018-05-26,582.28
2018-05-27,580.48
2018-05-28,565.93
2018-05-29,511.62
2018-05-30,561.74
2018-05-31,555.35
2018-06-01,571.73
2018-06-02,573.83
2018-06-03,583.13
2018-06-04,609.29
2018-06-05,586.58
2018-06-06,600.68
2018-06-07,598.22
2018-06-08,595.13
2018-06-09,590.5
2018-06-10,581.12
2018-06-11,523
2018-06-12,529.13
2018-06-13,495.08
2018-06-14,474.86
2018-06-15,516.64
2018-06-16,485.43
2018-06-17,493.07
2018-06-18,491.4
2018-06-19,512.43
2018-06-20,532
2018-06-21,529.76
2018-06-22,520.67
2018-06-23,463.94
2018-06-24,472.98
2018-06-25,455.72
2018-06-26,458.93
2018-06-27,430.6
2018-06-28,437.88
2018-06-29,420.86
2018-06-30,432.51
2018-07-01,449.43
2018-07-02,447.68
2018-07-03,472.31
2018-07-04,459.7
2018-07-05,463.22
2018-07-06,466.88
2018-07-07,467.59
2018-07-08,481.52
2018-07-09,483.8
2018-07-10,469.7
2018-07-11,431.76
2018-07-12,443.03
2018-07-13,427.79
2018-07-14,431.27
2018-07-15,431.78
2018-07-16,446.61
2018-07-17,478.21
2018-07-18,497.18
2018-07-19,475.99
2018-07-20,464.79
2018-07-21,447.2
2018-07-22,458.08
2018-07-23,455.53
2018-07-24,447.92
2018-07-25,477.21
2018-07-26,468.74
2018-07-27,460.87
2018-07-28,467.96
2018-07-29,465.9
2018-07-30,466.42
2018-07-31,458.08
2018-08-01,432.35
2018-08-02,417.28
2018-08-03,410.93
2018-08-04,417.36
2018-08-05,406.88
2018-08-06,409.16
2018-08-07,404.82
2018-08-08,377.75
2018-08-09,353.65
2018-08-10,363.69
2018-08-11,332.49
2018-08-12,317.31
2018-08-13,317.96
2018-08-14,284.96
2018-08-15,277.75
2018-08-16,281.14
2018-08-17,286.32
2018-08-18,314.79
2018-08-19,293.18
2018-08-20,299.44
2018-08-21,271.06
2018-08-22,280.37
2018-08-23,269.25
2018-08-24,275.81
2018-08-25,281.73
2018-08-26,277.97
2018-08-27,273.5
2018-08-28,286.96
2018-08-29,296.3
2018-08-30,288.51
2018-08-31,285.1
2018-09-01,282.22
2018-09-02,295.65
2018-09-03,294.59
2018-09-04,288.85
2018-09-05,285.49
2018-09-06,232.6
2018-09-07,229.37
2018-09-08,215.43
2018-09-09,196.87
2018-09-10,195.88
2018-09-11,196.36
2018-09-12,184.08
2018-09-13,182.95
2018-09-14,211.83
2018-09-15,211.38
2018-09-16,223.05
2018-09-17,220.14
2018-09-18,196.58
2018-09-19,210.15
2018-09-20,209.14
2018-09-21,224.38
2018-09-22,247.41
2018-09-23,241.84
2018-09-24,244.78
2018-09-25,228.34
2018-09-26,219.5
2018-09-27,214.98
2018-09-28,229.22
2018-09-29,222.23
2018-09-30,231.74
2018-10-01,232.78
2018-10-02,231.14
2018-10-03,225.79
2018-10-04,220.47
2018-10-05,222.2
2018-10-06,228.04
2018-10-07,225.07
2018-10-08,225.66
2018-10-09,229.52
2018-10-10,227.97
2018-10-11,225.66
2018-10-12,192
2018-10-13,197.07
2018-10-14,201.05
2018-10-15,196.32
2018-10-16,212.2
2018-10-17,212.44
2018-10-18,211.08
2018-10-19,204.31
2018-10-20,203.98
2018-10-21,206.88
2018-10-22,206.31
2018-10-23,205.04
2018-10-24,204.08
2018-10-25,203.52
2018-10-26,202.35
2018-10-27,203.38
2018-10-28,203.19
2018-10-29,204.72
2018-10-30,195.75
2018-10-31,197.45
2018-11-01,198.64
2018-11-02,199.12
2018-11-03,202.28
2018-11-04,200.14
2018-11-05,206.81
2018-11-06,209.11
2018-11-07,219.16
2018-11-08,219.02
2018-11-09,213.41
2018-11-10,210.79
2018-11-11,212.97
2018-11-12,212.47
2018-11-13,211.66
2018-11-14,208.58
2018-11-15,184.02
2018-11-16,182.45
2018-11-17,176.02
2018-11-18,175.67
2018-11-19,177.73
2018-11-20,150.39
2018-11-21,131.48
2018-11-22,137.17
2018-11-23,126.07
2018-11-24,124.15
2018-11-25,114.29
2018-11-26,117.53
2018-11-27,109.43
2018-11-28,110.43
2018-11-29,122.45
2018-11-30,117.71
2018-12-01,113.4
2018-12-02,118.1
2018-12-03,115.94
2018-12-04,108.68
2018-12-05,109.85
2018-12-06,102.51
2018-12-07,91.1
2018-12-08,92.97
2018-12-09,90.68
2018-12-10,93.53
2018-12-11,89.85
2018-12-12,87.85
2018-12-13,89.38
2018-12-14,85.96
2018-12-15,83.79
2018-12-16,83.83
2018-12-17,84.47
2018-12-18,94.07
2018-12-19,100.05
2018-12-20,99.49
2018-12-21,114.43
2018-12-22,107.85
2018-12-23,115.05
2018-12-24,129.21
2018-12-25,138.96
2018-12-26,127.64
2018-12-27,129.51
2018-12-28,114.1
2018-12-29,134.02
2018-12-30,138.75
2018-12-31,137.63
2019-01-01,131.46
2019-01-02,138.14
2019-01-03,152.86
2019-01-04,146.73
2019-01-05,153.06
2019-01-06,153.65
2019-01-07,154.7
2019-01-08,149.9
2019-01-09,148.15
2019-01-10,148.74
2019-01-11,126.62
2019-01-12,124.63
2019-01-13,123.76
2019-01-14,114.77
2019-01-15,127.41
2019-01-16,119.81
2019-01-17,122.25
2019-01-18,121.93
2019-01-19,119.17
2019-01-20,122.93
2019-01-21,117.61
2019-01-22,115.83
2019-01-23,117.82
2019-01-24,116.42
2019-01-25,116.25
2019-01-26,115.15
2019-01-27,115.34
2019-01-28,112.51
2019-01-29,105.35
2019-01-30,104.6
2019-01-31,108.27
2019-02-01,106.34
2019-02-02,107.01
2019-02-03,108.78
2019-02-04,107.2
2019-02-05,107.62
2019-02-06,107.32
2019-02-07,104.62
2019-02-08,104.27
2019-02-09,119.33
2019-02-10,119.49
2019-02-11,124.89
2019-02-12,120.97
2019-02-13,122.54
2019-02-14,122.09
2019-02-15,120.59
2019-02-16,121.57
2019-02-17,122.94
2019-02-18,133.88
2019-02-19,145.33
2019-02-20,143.66
2019-02-21,148.87
2019-02-22,145.3
2019-02-23,148.04
2019-02-24,157.68
2019-02-25,134.32
2019-02-26,137.82
2019-02-27,136
2019-02-28,134.85
2019-03-01,135.49
2019-03-02,134.95
2019-03-03,132.41
2019-03-04,130.54
2019-03-05,125.62
2019-03-06,136.55
2019-03-07,137.33
2019-03-08,136.79
2019-03-09,133.54
2019-03-10,137.2
2019-03-11,135.62
2019-03-12,132.39
2019-03-13,133.29
2019-03-14,131.67
2019-03-15,132.15
2019-03-16,136.45
2019-03-17,141.09
2019-03-18,138.55
2019-03-19,137.66
2019-03-20,138.52
2019-03-21,139.08
2019-03-22,135.06
2019-03-23,136.1
2019-03-24,137.2
2019-03-25,136.06
2019-03-26,133.82
2019-03-27,134.03
2019-03-28,139.64
2019-03-29,137.81
2019-03-30,143.15
2019-03-31,142.29
2019-04-01,141.59
2019-04-02,141.51
2019-04-03,164.05
2019-04-04,160.43
2019-04-05,157.41
2019-04-06,165.14
2019-04-07,165.33
2019-04-08,174.09
2019-04-09,180.01
2019-04-10,175.29
2019-04-11,177.33
2019-04-12,165.04
2019-04-13,164.57
2019-04-14,163.97
2019-04-15,167.62
2019-04-16,160.53
2019-04-17,166.48
2019-04-18,166.33
2019-04-19,173.41
2019-04-20,173.23
2019-04-21,173.17
2019-04-22,169.99
2019-04-23,171.04
2019-04-24,170.91
2019-04-25,165.67
2019-04-26,153.93
2019-04-27,157.38
2019-04-28,158.29
2019-04-29,156.6
2019-04-30,154.08
2019-05-01,160.74
2019-05-02,159.49
2019-05-03,160.96
2019-05-04,166.63
2019-05-05,162.84
2019-05-06,162.37
2019-05-07,172.83
2019-05-08,170.1
2019-05-09,170.11
2019-05-10,170.58
2019-05-11,172.68
2019-05-12,196.69
2019-05-13,187.27
2019-05-14,196.08
2019-05-15,218.28
2019-05-16,248.75
2019-05-17,264.9
2019-05-18,243.57
2019-05-19,235.33
2019-05-20,260.6
2019-05-21,251.96
2019-05-22,256.08
2019-05-23,244.55
2019-05-24,244.65
2019-05-25,248.55
2019-05-26,250.82
2019-05-27,266.12
2019-05-28,273.41
2019-05-29,271.23
2019-05-30,268.79
2019-05-31,255.38
2019-06-01,268.13
2019-06-02,264.73
2019-06-03,269.94
2019-06-04,251.75
2019-06-05,240.24
2019-06-06,246.83
2019-06-07,249.97
2019-06-08,250.64
2019-06-09,244.63
2019-06-10,232.04
2019-06-11,247.25
2019-06-12,245.09
2019-06-13,260.57
2019-06-14,255.12
2019-06-15,263.93
2019-06-16,268.11
2019-06-17,269.07
2019-06-18,273.12
2019-06-19,264.79
2019-06-20,269.15
2019-06-21,272.33
2019-06-22,294.48
2019-06-23,310.65
2019-06-24,307.95
2019-06-25,311.07
2019-06-26,318.64
2019-06-27,337.34
2019-06-28,295.84
2019-06-29,309.95
2019-06-30,321.43
2019-07-01,292.84
2019-07-02,295.26
2019-07-03,290.96
2019-07-04,304.17
2019-07-05,285.22
2019-07-06,287.99
2019-07-07,289.58
2019-07-08,305.34
2019-07-09,312.47
2019-07-10,307.78
2019-07-11,290.01
2019-07-12,268.64
2019-07-13,275.81
2019-07-14,270.31
2019-07-15,227.12
2019-07-16,230.18
2019-07-17,199.94
2019-07-18,210.84
2019-07-19,226.3
2019-07-20,221.11
2019-07-21,228.96
2019-07-22,226.15
2019-07-23,217.65
2019-07-24,213.5
2019-07-25,217.2
2019-07-26,219.49
2019-07-27,219.58
2019-07-28,206.53
2019-07-29,211.23
2019-07-30,210.82
2019-07-31,209.65
2019-08-01,218.61
2019-08-02,216.63
2019-08-03,217.8
2019-08-04,221.42
2019-08-05,221.99
2019-08-06,232.82
2019-08-07,227.02
2019-08-08,226.4
2019-08-09,222
2019-08-10,210.15
2019-08-11,206.5
2019-08-12,216.49
2019-08-13,211.11
2019-08-14,209.27
2019-08-15,185.66
2019-08-16,188.15
2019-08-17,185.15
2019-08-18,185.76
2019-08-19,194.36
2019-08-20,202.96
2019-08-21,196.27
2019-08-22,187.02
2019-08-23,191.52
2019-08-24,194.21
2019-08-25,190.56
2019-08-26,186.32
2019-08-27,188.38
2019-08-28,186.97
2019-08-29,173.03
2019-08-30,168.8
2019-08-31,168.67
2019-09-01,172.07
2019-09-02,170.73
2019-09-03,177.72
2019-09-04,178.83
2019-09-05,174.78
2019-09-06,174.19
2019-09-07,169.42
2019-09-08,177.85
2019-09-09,181.48
2019-09-10,181.01
2019-09-11,180.15
2019-09-12,178.08
2019-09-13,181.01
2019-09-14,181.21
2019-09-15,188.31
2019-09-16,189.26
2019-09-17,197.61
2019-09-18,209.21
2019-09-19,210.25
2019-09-20,221.74
2019-09-21,217.95
2019-09-22,215.35
2019-09-23,211.62
2019-09-24,201
2019-09-25,168.67
2019-09-26,170.29
2019-09-27,166.22
2019-09-28,173.9
2019-09-29,174.08
2019-09-30,169.69
2019-10-01,179.76
2019-10-02,180.63
2019-10-03,180.58
2019-10-04,176.86
2019-10-05,175.86
2019-10-06,176.28
2019-10-07,170.45
2019-10-08,180.14
2019-10-09,180.79
2019-10-10,193.34
2019-10-11,191.04
2019-10-12,180.55
2019-10-13,179.95
2019-10-14,181.29
2019-10-15,186.62
2019-10-16,180.75
2019-10-17,175.05
2019-10-18,177.48
2019-10-19,172.89
2019-10-20,171.85
2019-10-21,175.21
2019-10-22,174.35
2019-10-23,171.43
2019-10-24,161.58
2019-10-25,160.68
2019-10-26,181.45
2019-10-27,179.54
2019-10-28,183.58
2019-10-29,181.86
2019-10-30,190.51
2019-10-31,183.13
2019-11-01,182.76
2019-11-02,183.06
2019-11-03,183.22
2019-11-04,181.82
2019-11-05,185.76
2019-11-06,189.17
2019-11-07,191.3
2019-11-08,186.82
2019-11-09,183.67
2019-11-10,184.96
2019-11-11,189.04
2019-11-12,184.84
2019-11-13,186.87
2019-11-14,187.84
2019-11-15,184.79
2019-11-16,180.17
2019-11-17,182.63
2019-11-18,183.99
2019-11-19,178.39
2019-11-20,175.82
2019-11-21,174.8
2019-11-22,161.15
2019-11-23,149.93
2019-11-24,151.97
2019-11-25,140.25
2019-11-26,146.35
2019-11-27,147.58
2019-11-28,152.62
2019-11-29,150.91
2019-11-30,154.26
2019-12-01,151.74
2019-12-02,151.02
2019-12-03,148.87
2019-12-04,147.13
2019-12-05,145.4
2019-12-06,147.8
2019-12-07,148.61
2019-12-08,147.15
2019-12-09,150.29
2019-12-10,147.43
2019-12-11,145.57
2019-12-12,143.12
2019-12-13,145.03
2019-12-14,144.62
2019-12-15,141.84
2019-12-16,142.21
2019-12-17,132.72
2019-12-18,121.77
2019-12-19,132.74
2019-12-20,128.08
2019-12-21,128.27
2019-12-22,126.93
2019-12-23,132.18
2019-12-24,128.17
2019-12-25,127.73
2019-12-26,125.02
2019-12-27,125.61
2019-12-28,126.33
2019-12-29,128.07
2019-12-30,134.32
2019-12-31,131.46
2020-01-01,129.19
2020-01-02,130.48
2020-01-03,127.05
2020-01-04,133.7
2020-01-05,134.14
2020-01-06,135.01
2020-01-07,143.81
2020-01-08,143.02
2020-01-09,140.27
2020-01-10,137.86
2020-01-11,144.6
2020-01-12,142.18
2020-01-13,145.42
2020-01-14,143.59
2020-01-15,165.99
2020-01-16,166.25
2020-01-17,163.81
2020-01-18,171.16
2020-01-19,174.24
2020-01-20,166.63
2020-01-21,166.94
2020-01-22,169.28
2020-01-23,167.83
2020-01-24,162.52
2020-01-25,162.41
2020-01-26,160.67
2020-01-27,167.65
2020-01-28,169.74
2020-01-29,175.19
2020-01-30,173.71
2020-01-31,184.73
2020-02-01,179.23
2020-02-02,183.34
2020-02-03,188.55
2020-02-04,189.86
2020-02-05,188.84
2020-02-06,203.86
2020-02-07,212.73
2020-02-08,223.28
2020-02-09,223.3
2020-02-10,228.29
2020-02-11,224.15
2020-02-12,236.79
2020-02-13,264.03
2020-02-14,267.67
2020-02-15,284.23
2020-02-16,263.9
2020-02-17,262.16
2020-02-18,267.94
2020-02-19,281.95
2020-02-20,259.18
2020-02-21,257.99
2020-02-22,265.16
2020-02-23,261
2020-02-24,274.63
2020-02-25,265.24
2020-02-26,248.32
2020-02-27,224.81
2020-02-28,225.43
2020-02-29,227.71
2020-03-01,218.35
2020-03-02,218.94
2020-03-03,231.68
2020-03-04,223.96
2020-03-05,224.13
2020-03-06,228.08
2020-03-07,244.24
2020-03-08,237.38
2020-03-09,198.82
2020-03-10,200.85
2020-03-11,200.75
2020-03-12,194.22
2020-03-13,110.6
2020-03-14,132.57
2020-03-15,123.03
2020-03-16,124.6
2020-03-17,110.99
2020-03-18,117.22
2020-03-19,117.7
2020-03-20,136.81
2020-03-21,131.96
2020-03-22,131.94
2020-03-23,122.52
2020-03-24,135.59
2020-03-25,138.78
2020-03-26,136.23
2020-03-27,138.77
2020-03-28,130.29
2020-03-29,131.42
2020-03-30,125.32
2020-03-31,132.36
2020-04-01,133.24
2020-04-02,136.22
2020-04-03,141.45
2020-04-04,141.26
2020-04-05,144.2
2020-04-06,142.85
2020-04-07,169.86
2020-04-08,164.52
2020-04-09,172.8
2020-04-10,170.1
2020-04-11,157.74
2020-04-12,158.33
2020-04-13,158.86
2020-04-14,156.7
2020-04-15,158.27
2020-04-16,153.22
2020-04-17,171.78
2020-04-18,170.45
2020-04-19,187.14
2020-04-20,180.06
2020-04-21,170.7
2020-04-22,170.45
2020-04-23,182.28
2020-04-24,184.59
2020-04-25,187.34
2020-04-26,194.11
2020-04-27,197.23
2020-04-28,196.46
2020-04-29,197.15
2020-04-30,215.55
2020-05-01,205.56
2020-05-02,211.97
2020-05-03,213.94
2020-05-04,210.02
2020-05-05,206.83
2020-05-06,205.23
2020-05-07,200.25
2020-05-08,212.29
2020-05-09,211.69
2020-05-10,210.43
2020-05-11,188.14
2020-05-12,185.67
2020-05-13,189.31
2020-05-14,199.37
2020-05-15,203.21
2020-05-16,194.27
2020-05-17,200.58
2020-05-18,206.77
2020-05-19,214.36
2020-05-20,213.69
2020-05-21,209.92
2020-05-22,198.92
2020-05-23,206.23
2020-05-24,206.41
2020-05-25,200.69
2020-05-26,203.81
2020-05-27,200.96
2020-05-28,207.85
2020-05-29,219.59
2020-05-30,220.49
2020-05-31,242.71
2020-06-01,232.33
2020-06-02,248.04
2020-06-03,237.27
2020-06-04,244.13
2020-06-05,243.71
2020-06-06,240.25
2020-06-07,242.02
2020-06-08,244.23
2020-06-09,246.21
2020-06-10,243.85
2020-06-11,247.54
2020-06-12,232
2020-06-13,237.59
2020-06-14,238.29
2020-06-15,232.11
2020-06-16,231.02
2020-06-17,235.29
2020-06-18,233.86
2020-06-19,231.68
2020-06-20,228.96
2020-06-21,228.87
2020-06-22,227.79
2020-06-23,243.36
2020-06-24,243.08
2020-06-25,234.56
2020-06-26,232.65
2020-06-27,229.64
2020-06-28,221.03
2020-06-29,225.12
2020-06-30,228.21
2020-07-01,225.59
2020-07-02,230.66
2020-07-03,226.57
2020-07-04,225.18
2020-07-05,229.09
2020-07-06,227.9
2020-07-07,241.53
2020-07-08,238.96
2020-07-09,246.86
2020-07-10,241.98
2020-07-11,240.95
2020-07-12,239.1
2020-07-13,241.77
2020-07-14,239.64
2020-07-15,240.25
2020-07-16,238.66
2020-07-17,233.84
2020-07-18,232.78
2020-07-19,235.68
2020-07-20,238.9
2020-07-21,236.06
2020-07-22,245.23
2020-07-23,263.76
2020-07-24,274.72
2020-07-25,279.43
2020-07-26,305.04
2020-07-27,310.52
2020-07-28,320.48
2020-07-29,316.41
2020-07-30,317.54
2020-07-31,334.74
2020-08-01,346
2020-08-02,387.94
2020-08-03,370.73
2020-08-04,386.25
2020-08-05,389.38
2020-08-06,400.18
2020-08-07,394.54
2020-08-08,379.14
2020-08-09,391.48
2020-08-10,389.62
2020-08-11,395.21
2020-08-12,379.17
2020-08-13,387.5
2020-08-14,427.49
2020-08-15,438.76
2020-08-16,432.65
2020-08-17,433.43
2020-08-18,430.03
2020-08-19,422.11
2020-08-20,406.57
2020-08-21,416.47
2020-08-22,386.82
2020-08-23,395.89
2020-08-24,390.79
2020-08-25,408.27
2020-08-26,383.66
2020-08-27,385.75
2020-08-28,381.84
2020-08-29,395.14
2020-08-30,399.37
2020-08-31,428.3
2020-09-01,435.69
2020-09-02,475.68
2020-09-03,439.35
2020-09-04,383.69
2020-09-05,387.9
2020-09-06,334.47
2020-09-07,352.99
2020-09-08,351.88
2020-09-09,337.85
2020-09-10,351.23
2020-09-11,367.64
2020-09-12,373.91
2020-09-13,387.72
2020-09-14,365.7
2020-09-15,376.39
2020-09-16,364.69
2020-09-17,365.13
2020-09-18,388.8
2020-09-19,383.17
2020-09-20,385.47
2020-09-21,370.97
2020-09-22,341.28
2020-09-23,343.92
2020-09-24,321.08
2020-09-25,348.82
2020-09-26,351.33
2020-09-27,354.26
2020-09-28,357.07
2020-09-29,354.43
2020-09-30,359.43
2020-10-01,359.6
2020-10-02,353.2
2020-10-03,345.91
2020-10-04,345.99
2020-10-05,352.46
2020-10-06,353.6
2020-10-07,340.62
2020-10-08,341.44
2020-10-09,350.06
2020-10-10,365.34
2020-10-11,370.47
2020-10-12,374.5
2020-10-13,387.26
2020-10-14,381.17
2020-10-15,379.21
2020-10-16,377.16
2020-10-17,365.99
2020-10-18,368.65
2020-10-19,378.05
2020-10-20,379.64
2020-10-21,368.23
2020-10-22,391.17
2020-10-23,413.2
2020-10-24,408.89
2020-10-25,411.96
2020-10-26,406.16
2020-10-27,393.38
2020-10-28,403.53
2020-10-29,388.88
2020-10-30,386.45
2020-10-31,382.9
2020-11-01,385.84
2020-11-02,394.94
2020-11-03,383.85
2020-11-04,387.62
2020-11-05,401.73
2020-11-06,415.93
2020-11-07,454.65
2020-11-08,435.42
2020-11-09,455.36
2020-11-10,445.05
2020-11-11,449.82
2020-11-12,463.18
2020-11-13,462.21
2020-11-14,475.97
2020-11-15,462.72
2020-11-16,449.21
2020-11-17,461.37
2020-11-18,482.2
2020-11-19,479.44
2020-11-20,471.32
2020-11-21,508.79
2020-11-22,548.84
2020-11-23,560.51
2020-11-24,608.27
2020-11-25,602.67
2020-11-26,568.28
2020-11-27,518.47
2020-11-28,517.55
2020-11-29,537.39
2020-11-30,574.75
2020-12-01,612.26
2020-12-02,589.58
2020-12-03,598.76
2020-12-04,616.51
2020-12-05,571.19
2020-12-06,595.92
2020-12-07,601.97
2020-12-08,592.39
2020-12-09,554.33
2020-12-10,573.9
2020-12-11,560.45
2020-12-12,545.98
2020-12-13,568.36
2020-12-14,590.32
2020-12-15,585.54
2020-12-16,589.07
2020-12-17,635.96
2020-12-18,644.07
2020-12-19,654.42
2020-12-20,659.32
2020-12-21,639.52
2020-12-22,610.43
2020-12-23,634.98
2020-12-24,587.96
2020-12-25,612.88
2020-12-26,626.46
2020-12-27,636.74
2020-12-28,689.66
2020-12-29,732.96
2020-12-30,735.59
2020-12-31,752.86
2021-01-01,738.62
2021-01-02,730.15
2021-01-03,777.7
2021-01-04,967
2021-01-05,1025.65
2021-01-06,1103.36
2021-01-07,1208.58
2021-01-08,1229.47
2021-01-09,1223.73
2021-01-10,1282.98
2021-01-11,1267.73
2021-01-12,1092.91
2021-01-13,1045.41
2021-01-14,1132.02
2021-01-15,1216.91
2021-01-16,1171.86
2021-01-17,1234.63
2021-01-18,1229.38
2021-01-19,1255.98
2021-01-20,1383.48
2021-01-21,1385.85
2021-01-22,1122.91
2021-01-23,1236.68
2021-01-24,1231.18
2021-01-25,1392.54
2021-01-26,1323.43
2021-01-27,1355.23
2021-01-28,1253.14
2021-01-29,1328.77
2021-01-30,1380.28
2021-01-31,1372.43
2021-02-01,1317.05
2021-02-02,1368.66
2021-02-03,1514.23
2021-02-04,1661
2021-02-05,1587.8
2021-02-06,1724.86
2021-02-07,1683.94
2021-02-08,1608.64
2021-02-09,1751
2021-02-10,1769.05
2021-02-11,1739.16
2021-02-12,1782.51
2021-02-13,1841.2
2021-02-14,1810.84
2021-02-15,1804.98
2021-02-16,1775.76
2021-02-17,1782.58
2021-02-18,1845.57
2021-02-19,1938.57
2021-02-20,1969.98
2021-02-21,1929.37
2021-02-22,1941.43
2021-02-23,1788.62
2021-02-24,1563.92
2021-02-25,1628.39
2021-02-26,1468.86
2021-02-27,1450.99
2021-02-28,1480.13
2021-03-01,1416.66
2021-03-02,1570.4
2021-03-03,1497.09
2021-03-04,1579.43
2021-03-05,1546.5
2021-03-06,1539.05
2021-03-07,1661.93
2021-03-08,1727.46
2021-03-09,1837.53
2021-03-10,1869.33
2021-03-11,1802.31
2021-03-12,1826.06
2021-03-13,1770.94
2021-03-14,1927.72
2021-03-15,1866.07
2021-03-16,1791.05
2021-03-17,1808.55
2021-03-18,1828.75
2021-03-19,1780.16
2021-03-20,1817.13
2021-03-21,1817.86
2021-03-22,1790.38
2021-03-23,1686.89
2021-03-24,1673.86
2021-03-25,1581.63
2021-03-26,1587.3
2021-03-27,1700.37
2021-03-28,1713.84
2021-03-29,1689.04
2021-03-30,1817.63
2021-03-31,1840.29
2021-04-01,1915.83
2021-04-02,1970.47
2021-04-03,2134.1
2021-04-04,2016.67
2021-04-05,2077.76
2021-04-06,2097.8
2021-04-07,2115.06
2021-04-08,1989.15
2021-04-09,2081.35
2021-04-10,2069.67
2021-04-11,2142.8
2021-04-12,2150.27
2021-04-13,2142.48
2021-04-14,2304.34
2021-04-15,2429.66
2021-04-16,2514.17
2021-04-17,2424.55
2021-04-18,2345.27
2021-04-19,2245.76
2021-04-20,2168.03
2021-04-21,2324.28
2021-04-22,2373.5
2021-04-23,2426.07
2021-04-24,2364.23
2021-04-25,2212.84
2021-04-26,2307.36
2021-04-27,2532.39
2021-04-28,2647.16
2021-04-29,2748.78
2021-04-30,2757.5
2021-05-01,2776.7
2021-05-02,2944.92
2021-05-03,2953.3
2021-05-04,3439.86
2021-05-05,3245.66
2021-05-06,3524.56
2021-05-07,3495.08
2021-05-08,3493.53
2021-05-09,3912.74
2021-05-10,3932.75
2021-05-11,3979.61
2021-05-12,4182.79
2021-05-13,3906.11
2021-05-14,3750.34
2021-05-15,4088.73
2021-05-16,3659.92
2021-05-17,3602
2021-05-18,3288.23
2021-05-19,3399.05
2021-05-20,2505.01
2021-05-21,2778.28
2021-05-22,2419.1
2021-05-23,2306.37
2021-05-24,2120.04
2021-05-25,2640.16
2021-05-26,2695.48
2021-05-27,2882.48
2021-05-28,2742.99
2021-05-29,2433.33
2021-05-30,2294.63
2021-05-31,2395.85
2021-06-01,2708.43
2021-06-02,2632.66
2021-06-03,2717.15
2021-06-04,2858.28
2021-06-05,2694.5
2021-06-06,2624.77
2021-06-07,2711.55
2021-06-08,2580.54
2021-06-09,2528.02
2021-06-10,2620.63
2021-06-11,2486.6
2021-06-12,2356.63
2021-06-13,2379.99
2021-06-14,2517.77
2021-06-15,2587.38
2021-06-16,2561.19
2021-06-17,2365.87
2021-06-18,2380.74
2021-06-19,2231.55
2021-06-20,2176.31
2021-06-21,2251.56
2021-06-22,1900.12
2021-06-23,1875.36
2021-06-24,1971.11
2021-06-25,1990.08
2021-06-26,1833.46
2021-06-27,1817.05
2021-06-28,1973.93
2021-06-29,2087.52
2021-06-30,2169.4
2021-07-01,2279.35
2021-07-02,2121.66
2021-07-03,2157.88
2021-07-04,2228.53
2021-07-05,2329
2021-07-06,2217.3
2021-07-07,2320.65
2021-07-08,2317.24
2021-07-09,2126.44
2021-07-10,2156.58
2021-07-11,2123.06
2021-07-12,2144.01
2021-07-13,2042.5
2021-07-14,1944.4
2021-07-15,1997.66
2021-07-16,1910.73
2021-07-17,1874.2
2021-07-18,1899.84
2021-07-19,1905.72
2021-07-20,1824.93
2021-07-21,1794.97
2021-07-22,2003.72
2021-07-23,2027.53
2021-07-24,2117.15
2021-07-25,2183.63
2021-07-26,2209.5
2021-07-27,2230.21
2021-07-28,2292.58
2021-07-29,2299.69
2021-07-30,2383.44
2021-07-31,2462.4
2021-08-01,2541.67
2021-08-02,2555.41
2021-08-03,2611.67
2021-08-04,2521.27
2021-08-05,2724.53
2021-08-06,2821.65
2021-08-07,2888.73
2021-08-08,3151.22
2021-08-09,3012.31
2021-08-10,3163.06
2021-08-11,3147.84
2021-08-12,3166.65
2021-08-13,3048.41
2021-08-14,3323.2
2021-08-15,3268.55
2021-08-16,3309.75
2021-08-17,3153.58
2021-08-18,3007.14
2021-08-19,3037.23
2021-08-20,3144.82
2021-08-21,3276.97
2021-08-22,3224
2021-08-23,3243.49
2021-08-24,3320.41
2021-08-25,3177.66
2021-08-26,3231.44
2021-08-27,3122.97
2021-08-28,3267.54
2021-08-29,3245.43
2021-08-30,3233.38
2021-08-31,3232.73
2021-09-01,3440.56
2021-09-02,3790.61
2021-09-03,3793.3
2021-09-04,3936.16
2021-09-05,3894.94
2021-09-06,3950.27
2021-09-07,3943.26
2021-09-08,3440.34
2021-09-09,3496.86
2021-09-10,3435.98
2021-09-11,3209.92
2021-09-12,3268.1
2021-09-13,3417.84
2021-09-14,3301.19
2021-09-15,3425.25
2021-09-16,3595.96
2021-09-17,3573.31
2021-09-18,3412.18
2021-09-19,3427.58
2021-09-20,3335.88
2021-09-21,2977.32
2021-09-22,2744.11
2021-09-23,3074.12
2021-09-24,3159.27
2021-09-25,2930.74
2021-09-26,2946.97
2021-09-27,3063.32
2021-09-28,2939.74
2021-09-29,2798.98
2021-09-30,2855.61
2021-10-01,3013.49
2021-10-02,3305.11
2021-10-03,3393.92
2021-10-04,3426.39
2021-10-05,3390.31
2021-10-06,3520.34
2021-10-07,3592.18
2021-10-08,3594.92
2021-10-09,3558.55
2021-10-10,3588.08
2021-10-11,3431.02
2021-10-12,3537.84
2021-10-13,3498.11
2021-10-14,3605.65
2021-10-15,3794.52
2021-10-16,3885.64
2021-10-17,3854.5
2021-10-18,3854.22
2021-10-19,3752.62
2021-10-20,3884.59
2021-10-21,4170.11
2021-10-22,4074.86
2021-10-23,3990.71
2021-10-24,4179.44
2021-10-25,4094.94
2021-10-26,4230.21
2021-10-27,4152.57
2021-10-28,3944.09
2021-10-29,4288.1
2021-10-30,4422.94
2021-10-31,4324.61
2021-11-01,4292.04
2021-11-02,4330.55
2021-11-03,4596.59
2021-11-04,4607.7
2021-11-05,4550.01
2021-11-06,4494.8
2021-11-07,4527.1
2021-11-08,4626.63
2021-11-09,4815
2021-11-10,4742.08
2021-11-11,4641.53
2021-11-12,4732.92
2021-11-13,4685.11
2021-11-14,4666.5
2021-11-15,4652.95
2021-11-16,4583.21
2021-11-17,4243.35
2021-11-18,4302.8
2021-11-19,3993.85
2021-11-20,4317.6
2021-11-21,4436.19
2021-11-22,4319.36
2021-11-23,4101.06
2021-11-24,4355.42
2021-11-25,4269.44
2021-11-26,4515.84
2021-11-27,4048.31
2021-11-28,4084.09
2021-11-29,4290.09
2021-11-30,4444.53
2021-12-01,4637.12
2021-12-02,4589.61
2021-12-03,4519.44
2021-12-04,4240.16
2021-12-05,4101.66
2021-12-06,4198.57
2021-12-07,4347.62
2021-12-08,4310.57
2021-12-09,4431.54
2021-12-10,4153.33
2021-12-11,3918.2
2021-12-12,4079.81
2021-12-13,4135.84
2021-12-14,3782.9
2021-12-15,3858.16
2021-12-16,4015.72
2021-12-17,3971.56
2021-12-18,3886.75
2021-12-19,3966.43
2021-12-20,3928.84
2021-12-21,3950.48
2021-12-22,4036.55
2021-12-23,3992.59
2021-12-24,4113.53
2021-12-25,4055.12
2021-12-26,4110.57
2021-12-27,4075.03
2021-12-28,4045.05
2021-12-29,3807.36
2021-12-30,3644.41
2021-12-31,3714.95
2022-01-01,3686.4
2022-01-02,3780.32
2022-01-03,3835.4
2022-01-04,3769.4
2022-01-05,3794.91
2022-01-06,3556.91
2022-01-07,3416.83
2022-01-08,3201.79
2022-01-09,3101.04
2022-01-10,3156.97
2022-01-11,3086.73
2022-01-12,3246.41
2022-01-13,3378.04
2022-01-14,3256.76
2022-01-15,3311.99
2022-01-16,3331.25
2022-01-17,3356.3
2022-01-18,3216.59
2022-01-19,3166.45
2022-01-20,3097.02
2022-01-21,3015.59
2022-01-22,2564.34
2022-01-23,2407.377851608285
2022-01-24,2537.836727861043
2022-01-25,2447.831512095295
2022-01-26,2465.21922984942
2022-01-27,2470.4304120157067
2022-01-28,2411.863855325421
2022-01-29,2551.1110735194716
2022-01-30,2603.603872339056
2022-01-31,2610.1824055910874
2022-02-01,2689.2208672204492
2022-02-02,2797.434855273681
2022-02-03,2690.319739476765
2022-02-04,2667.256728215686
2022-02-05,2993.0994395135976
2022-02-06,3018.6733981571506
2022-02-07,3062.8058084507857
2022-02-08,3149.953285509783
2022-02-09,3127.438106740214
2022-02-10,3240.9210444877285
2022-02-11,3081.911501840844
2022-02-12,2930.5631692063735
2022-02-13,2918.0853674291184
2022-02-14,2889.235678281073
2022-02-15,2935.6454998606846
2022-02-16,3179.3002065350443
2022-02-17,3128.640780542462
2022-02-18,2881.613122162859
2022-02-19,2792.3038477186237
2022-02-20,2768.9716520348597
2022-02-21,2632.49139911745
2022-02-22,2574.513383778016
2022-02-23,2644.153655546016
2022-02-24,2594.700959110155
2022-02-25,2599.9335696870216
2022-02-26,2771.890509646429
2022-02-27,2785.3389569017427
2022-02-28,2629.48312082149
2022-03-01,2919.294962425658
2022-03-02,2977.276039756805
2022-03-03,2953.315776286441
2022-03-04,2836.9063366005576
2022-03-05,2619.356137634489
2022-03-06,2668.70597865687
2022-03-07,2558.359874049847
2022-03-08,2498.658864965217
2022-03-09,2576.6271539947625
2022-03-10,2731.037685293996
2022-03-11,2611.4647225047097
2022-03-12,2562.8323535359655
2022-03-13,2579.4581356883637
2022-03-14,2518.492845270615
2022-03-15,2591.5420409591425
2022-03-16,2620.363852420936
2022-03-17,2771.759457292368
2022-03-18,2817.401074966818
2022-03-19,2945.7459101862714
2022-03-20,2947.226158224087
2022-03-21,2860.641960901919
2022-03-22,2896.5869324317464
2022-03-23,2969.78498365825
2022-03-24,3028.8352577107285
2022-03-25,3106.657023584939
2022-03-26,3106.072054158695
2022-03-27,3140.8757105064406
2022-03-28,3285.1730967305425
2022-03-29,3328.9341246867148
2022-03-30,3401.184431040135
